time,z_0,z_1,z_2,z_3,x_0,x_1,x_2,x_3,y_0,y_1,y_2,y_3,epsilon
18520,2.07,4.49,-1.80,5.86,0.04,0.09,-0.16,0.53,2.03,4.40,-1.64,5.33,3.29
40436,-0.52,5.16,-1.54,3.94,0.03,0.19,-0.28,0.82,-0.55,4.97,-1.26,3.12,1.53
62500,0.99,5.50,-0.50,3.40,0.04,0.30,-0.42,2.44,0.95,5.20,-0.08,0.96,0.58
84444,-0.89,3.52,2.53,4.93,0.03,0.37,0.72,3.41,-0.92,3.15,1.81,1.53,0.56
106376,0.40,2.39,7.77,3.73,0.06,0.42,2.68,3.50,0.34,1.97,5.09,0.23,1.95
128320,1.91,3.63,3.50,-0.84,0.10,0.48,2.86,2.55,1.81,3.15,0.63,-3.39,1.19
150312,8.78,9.25,-3.47,3.47,0.26,0.65,-1.22,3.14,8.53,8.61,-2.25,0.32,3.07
172428,5.22,9.17,-6.40,4.06,0.35,0.82,-6.39,4.06,4.87,8.35,-0.00,0.00,1.84
194504,-2.09,5.11,-0.82,-1.47,-1.04,3.25,-0.82,-1.47,-1.05,1.86,0.00,-0.00,0.04
216652,-0.79,4.07,0.69,-1.85,-0.95,3.54,0.69,-1.85,0.16,0.53,0.00,-0.00,0.00
238696,-0.08,3.87,0.44,-2.31,-0.72,3.62,0.51,-2.18,0.64,0.24,-0.07,-0.13,0.01
260764,-1.84,4.77,4.40,-4.52,-0.95,3.85,2.14,-3.16,-0.89,0.92,2.26,-1.36,0.43
282804,-1.48,3.93,9.89,-2.35,-1.02,3.86,4.43,-2.92,-0.47,0.07,5.46,0.57,2.13
304800,3.18,5.41,14.99,-6.76,-0.36,4.07,6.86,-3.80,3.54,1.34,8.14,-2.96,6.02
326920,2.78,4.89,11.97,-6.69,0.07,4.16,10.16,-5.67,2.71,0.73,1.81,-1.02,0.29
348976,1.74,4.59,18.95,-37.18,0.32,4.13,13.62,-18.06,1.43,0.47,5.33,-19.12,23.94
371296,4.89,1.10,12.58,-42.84,0.83,3.73,12.93,-34.56,4.06,-2.63,-0.35,-8.28,2.71
393704,6.12,1.93,4.12,-31.98,1.38,3.43,4.13,-31.99,4.74,-1.50,-0.01,0.00,0.45
415920,4.33,3.02,2.32,-34.21,1.64,3.28,2.82,-33.59,2.68,-0.26,-0.50,-0.62,0.15
438036,2.89,-0.55,-0.24,-21.25,1.75,2.88,1.54,-28.41,1.14,-3.43,-1.78,7.16,3.40
460196,6.39,-2.69,8.37,4.26,2.10,2.40,6.11,-6.56,4.29,-5.09,2.26,10.82,4.87
482432,8.25,-0.38,1.54,16.49,2.55,2.19,1.54,16.47,5.70,-2.56,-0.00,0.01,0.73
504612,6.78,0.37,1.65,6.85,2.83,2.12,1.62,9.53,3.95,-1.75,0.03,-2.67,0.55
526680,3.46,2.28,0.32,3.13,2.87,2.15,1.08,6.84,0.59,0.12,-0.75,-3.71,0.84
548660,5.09,2.45,-4.55,3.88,2.99,2.19,-0.59,5.96,2.10,0.27,-3.96,-2.09,1.50
570676,2.69,3.34,-5.88,5.37,2.96,2.27,-1.80,5.83,-0.27,1.07,-4.08,-0.46,1.32
592788,2.82,4.57,-6.75,11.34,2.94,2.42,-5.00,9.40,-0.11,2.15,-1.75,1.95,0.33
614928,4.35,3.95,-8.55,6.46,2.98,2.52,-6.39,8.24,1.37,1.43,-2.15,-1.78,0.55
636968,3.91,1.64,-6.21,1.94,3.00,2.50,-6.34,6.46,0.91,-0.85,0.13,-4.52,1.50
658976,3.58,1.84,-2.00,3.95,3.01,2.48,-5.38,5.91,0.57,-0.65,3.38,-1.95,1.20
681088,4.56,2.04,-2.81,7.39,3.06,2.49,-3.72,6.86,1.50,-0.45,0.91,0.53,0.09
703152,4.73,2.03,-4.73,5.47,3.11,2.49,-4.12,6.31,1.62,-0.46,-0.62,-0.85,0.12
725088,5.77,0.93,-4.64,6.02,3.20,2.46,-4.26,6.23,2.57,-1.52,-0.38,-0.21,0.19
746992,5.09,1.60,-4.67,6.79,3.26,2.45,-4.35,6.35,1.83,-0.85,-0.32,0.44,0.10
768860,3.45,2.51,-5.02,4.98,3.24,2.47,-4.47,6.10,0.20,0.04,-0.55,-1.13,0.13
790724,2.17,3.53,-6.06,5.45,3.18,2.53,-4.72,6.01,-1.01,1.00,-1.34,-0.56,0.22
812604,3.54,3.87,-7.44,8.34,3.17,2.61,-5.08,6.32,0.37,1.26,-2.36,2.02,0.87
834500,4.35,4.35,-5.76,7.13,3.19,2.69,-5.16,6.41,1.17,1.66,-0.60,0.72,0.16
856524,3.94,4.51,-4.35,2.08,3.19,2.76,-5.07,5.96,0.75,1.75,0.72,-3.88,1.47
878564,3.22,3.22,-3.05,-0.46,3.18,2.78,-4.88,5.34,0.04,0.44,1.82,-5.80,3.34
900700,3.07,3.28,-4.56,-0.02,3.16,2.81,-4.68,1.97,-0.09,0.48,0.12,-1.99,0.15
922804,3.07,2.08,-3.31,-1.69,3.14,2.79,-4.15,0.55,-0.07,-0.70,0.84,-2.25,0.36
944712,3.58,1.77,-0.60,0.90,3.15,2.76,-3.16,0.65,0.43,-0.99,2.56,0.25,0.50
966672,3.51,1.72,2.63,3.19,3.16,2.74,-1.90,1.20,0.35,-1.03,4.52,1.99,1.93
988664,3.29,2.06,7.86,3.19,3.19,2.73,-0.14,1.56,0.11,-0.67,8.00,1.63,5.48
1010744,3.23,2.18,10.29,4.66,3.20,2.73,6.54,3.54,0.03,-0.55,3.75,1.11,0.56
1032896,2.66,4.64,12.00,0.31,3.22,2.78,8.67,2.28,-0.56,1.86,3.33,-1.97,0.98
1054980,3.01,4.02,19.31,-2.60,3.28,2.81,11.66,0.91,-0.27,1.21,7.65,-3.50,5.12
1077140,2.38,3.84,22.52,-3.36,3.34,2.83,14.06,-0.03,-0.96,1.01,8.46,-3.33,6.49
1099324,2.86,3.97,32.00,-0.53,3.40,2.85,25.64,-0.36,-0.54,1.12,6.36,-0.18,1.47
1121668,4.59,3.85,38.69,0.17,3.53,2.88,38.68,0.17,1.06,0.98,0.01,0.00,0.04
1143848,8.05,3.01,40.56,0.29,3.79,2.88,40.04,0.26,4.25,0.13,0.52,0.03,0.36
1165928,10.18,1.84,47.08,-2.76,4.11,2.85,43.00,-1.01,6.06,-1.01,4.08,-1.75,1.88
1188144,11.08,1.82,48.98,-5.40,4.45,2.82,47.00,-3.95,6.63,-1.00,1.98,-1.45,1.08
1210532,9.59,2.04,50.90,-8.23,4.75,2.78,50.90,-8.23,4.84,-0.74,0.00,-0.00,0.47
1232668,13.11,1.81,53.94,0.20,5.14,2.74,53.10,-2.14,7.97,-0.93,0.84,2.34,1.43
1255052,17.87,0.59,47.10,2.17,5.65,2.68,47.10,2.17,12.22,-2.09,-0.00,0.00,3.00
1277456,15.70,1.92,49.37,-2.50,11.42,2.26,49.37,-2.50,4.28,-0.33,0.00,-0.00,0.16
1299920,15.11,3.44,53.31,3.21,12.88,2.68,53.31,3.20,2.23,0.77,0.00,0.00,0.07
1322316,18.18,2.93,60.35,5.76,14.45,2.76,58.40,5.05,3.72,0.17,1.96,0.71,0.32
1344632,25.80,0.90,53.51,4.35,17.01,2.38,56.35,4.75,8.79,-1.48,-2.84,-0.40,1.73
1367056,22.73,3.23,51.74,-0.03,18.19,2.54,53.27,1.55,4.55,0.69,-1.53,-1.58,0.51
1389488,18.37,4.60,51.53,-0.87,18.39,2.85,52.57,0.58,-0.02,1.75,-1.04,-1.45,0.24
1411804,21.71,5.37,59.24,7.11,19.02,3.19,54.48,2.45,2.69,2.18,4.76,4.66,3.37
1434128,30.04,5.44,52.09,13.18,20.46,3.48,53.95,4.85,9.58,1.97,-1.86,8.32,7.34
1456516,30.62,4.10,43.13,-0.40,21.69,3.55,46.96,1.46,8.93,0.55,-3.83,-1.86,2.08
1479036,29.52,3.86,48.17,-7.65,22.59,3.59,48.17,-7.64,6.93,0.27,0.00,-0.01,0.87
1501492,27.34,3.54,49.66,-3.13,23.18,3.56,49.25,-4.38,4.16,-0.02,0.41,1.25,0.37
1523860,29.91,3.49,50.60,4.69,23.90,3.56,49.82,-0.58,6.02,-0.06,0.78,5.26,2.31
1546200,36.69,2.89,46.70,9.92,25.01,3.52,47.74,6.45,11.68,-0.63,-1.03,3.48,2.97
1568688,35.23,2.47,45.24,-0.15,25.90,3.47,45.24,-0.15,9.33,-1.00,-0.00,-0.00,1.64
1591124,35.38,3.96,45.85,-6.34,31.43,3.75,45.85,-6.34,3.96,0.21,0.00,-0.00,0.13
1613608,33.14,4.13,48.75,-3.18,32.17,3.88,48.75,-3.18,0.97,0.26,0.00,0.00,0.01
1636028,39.78,1.51,48.58,3.40,34.35,3.24,48.63,1.58,5.43,-1.73,-0.05,1.83,0.57
1658344,47.29,2.59,35.63,16.17,37.21,3.13,43.18,7.70,10.08,-0.54,-7.54,8.47,9.07
1680792,45.23,5.52,29.66,0.90,38.74,3.57,34.14,3.15,6.49,1.95,-4.48,-2.25,1.59
1703308,43.92,5.60,30.24,-13.65,39.63,3.88,30.25,-13.64,4.29,1.72,-0.00,-0.01,0.36
1725848,43.16,3.62,18.70,-12.35,40.18,3.80,21.91,-12.71,2.98,-0.18,-3.21,0.36,0.44
1748296,44.78,1.70,14.90,2.02,40.77,3.54,18.97,-6.53,4.01,-1.85,-4.07,8.54,5.54
1770732,46.54,2.71,13.08,2.35,41.43,3.44,15.03,-0.59,5.11,-0.73,-1.95,2.94,0.89
1793068,48.05,3.48,9.34,-2.87,42.09,3.44,12.75,-1.50,5.96,0.04,-3.41,-1.37,1.45
1815440,45.58,2.28,1.92,1.76,42.43,3.34,5.53,0.67,3.16,-1.06,-3.61,1.09,0.68
1837664,46.22,2.16,0.11,4.18,42.73,3.26,3.36,2.08,3.49,-1.09,-3.25,2.11,1.15
1860012,47.43,2.23,-2.21,2.09,43.08,3.19,-0.36,2.09,4.34,-0.96,-1.86,0.01,0.48
1882236,45.86,2.28,-5.86,-3.34,43.26,3.12,-2.56,-0.09,2.60,-0.85,-3.30,-3.25,1.43
1904632,43.18,2.12,-6.27,-3.01,43.24,3.06,-5.04,-2.04,-0.06,-0.93,-1.24,-0.97,0.10
1927008,42.92,1.83,-4.06,0.29,43.20,2.98,-4.65,-1.10,-0.28,-1.15,0.59,1.39,0.16
1949160,42.91,2.20,-2.79,2.49,43.17,2.94,-4.12,-0.08,-0.27,-0.74,1.32,2.57,0.61
1971324,44.17,2.04,-1.97,3.22,43.22,2.90,-3.64,0.66,0.95,-0.86,1.67,2.57,0.76
1993428,44.69,2.50,-1.47,0.06,43.29,2.88,-3.24,0.55,1.41,-0.38,1.78,-0.49,0.32
2015560,44.30,2.78,-3.59,0.72,43.32,2.88,-3.29,0.57,0.98,-0.10,-0.29,0.14,0.03
2037664,44.14,2.56,-5.27,0.78,43.34,2.87,-3.56,0.60,0.80,-0.31,-1.71,0.18,0.27
2059928,43.01,1.64,-2.31,-3.30,43.32,2.80,-3.41,0.14,-0.31,-1.17,1.10,-3.44,1.18
2082264,45.24,1.83,-2.79,4.23,43.39,2.77,-3.34,0.58,1.85,-0.95,0.55,3.65,1.30
2104616,44.62,2.96,-5.19,2.27,43.42,2.79,-4.51,1.65,1.20,0.18,-0.68,0.63,0.06
2126968,43.05,2.55,-5.82,-3.18,43.39,2.77,-5.02,-0.22,-0.33,-0.23,-0.80,-2.95,0.58
2149152,42.66,2.96,-5.68,-0.43,43.34,2.78,-5.20,-0.28,-0.68,0.18,-0.48,-0.15,0.03
2171300,43.46,2.89,-5.62,1.85,43.32,2.79,-5.29,0.19,0.14,0.10,-0.33,1.66,0.22
2193428,43.24,2.79,-4.78,0.93,43.30,2.79,-5.20,0.32,-0.06,-0.00,0.42,0.61,0.05
2215512,44.55,2.92,-5.07,2.08,43.32,2.80,-5.18,0.59,1.23,0.12,0.11,1.49,0.22
2237616,42.14,2.13,-3.28,-1.80,43.27,2.77,-4.93,0.27,-1.13,-0.65,1.65,-2.07,0.64
2259780,44.79,2.33,-3.15,0.63,43.30,2.76,-4.72,0.31,1.49,-0.43,1.58,0.31,0.27
2281932,43.07,2.55,-4.11,0.73,43.28,2.76,-4.66,0.36,-0.21,-0.21,0.55,0.38,0.04
2304076,43.88,2.53,-5.77,0.70,43.28,2.75,-4.76,0.39,0.60,-0.23,-1.01,0.31,0.11
2326220,42.37,2.38,-5.37,-0.12,43.23,2.74,-4.82,0.34,-0.86,-0.36,-0.56,-0.47,0.07
2348412,41.85,2.33,-3.71,0.66,43.18,2.73,-4.73,0.37,-1.33,-0.41,1.02,0.29,0.14
2370716,43.36,2.32,-1.94,3.31,43.17,2.73,-4.52,0.59,0.19,-0.42,2.58,2.73,1.31
2393116,44.22,2.43,-2.81,1.19,43.19,2.73,-4.40,0.63,1.03,-0.30,1.59,0.56,0.29
2415272,42.94,2.09,-3.28,-1.48,43.17,2.71,-4.33,0.49,-0.23,-0.61,1.05,-1.97,0.47
2437480,43.10,1.49,-3.31,1.01,43.15,2.68,-4.27,0.52,-0.05,-1.19,0.95,0.49,0.14
2459648,43.34,2.18,-3.60,3.01,43.14,2.68,-4.23,0.66,0.20,-0.50,0.63,2.34,0.56
2481808,43.59,2.03,-2.56,1.19,43.14,2.67,-4.14,0.69,0.45,-0.64,1.57,0.50,0.27
2503968,43.44,2.98,-4.60,2.64,43.13,2.68,-4.16,0.79,0.31,0.29,-0.43,1.85,0.35
2526108,42.14,3.14,-4.15,-2.52,43.09,2.69,-4.16,0.63,-0.95,0.45,0.01,-3.15,0.96
2548272,42.87,2.16,-2.60,-1.18,43.07,2.67,-4.09,0.55,-0.20,-0.52,1.49,-1.72,0.50
2570444,43.23,2.70,-2.32,3.28,43.07,2.68,-4.01,0.67,0.16,0.02,1.69,2.61,0.93
2592552,42.94,2.35,-2.24,0.99,43.05,2.68,-3.93,0.68,-0.11,-0.33,1.69,0.31,0.28
2614692,44.27,2.45,-1.48,1.36,43.07,2.68,-3.83,0.71,1.20,-0.23,2.35,0.65,0.60
2636844,43.02,2.46,-3.05,0.96,43.06,2.68,-3.80,0.72,-0.04,-0.22,0.75,0.24,0.06
2658952,43.03,2.80,-3.71,1.04,43.04,2.68,-3.80,0.73,-0.01,0.12,0.09,0.31,0.01
2681036,43.14,2.14,-3.62,0.46,43.03,2.67,-3.79,0.72,0.11,-0.54,0.17,-0.26,0.02
2703160,43.60,1.79,-2.78,-0.29,43.03,2.66,-3.75,0.69,0.57,-0.87,0.98,-0.98,0.20
2725316,43.45,2.00,-3.27,2.31,43.02,2.65,-3.74,0.74,0.43,-0.65,0.47,1.57,0.27
2747464,43.40,2.65,-3.54,0.99,43.01,2.66,-3.73,0.75,0.39,-0.01,0.19,0.24,0.01
2769568,42.41,2.39,-4.63,-1.60,42.99,2.65,-3.76,0.67,-0.58,-0.25,-0.87,-2.28,0.58
2791780,43.00,2.04,-2.29,-0.73,42.98,2.64,-3.71,0.63,0.02,-0.59,1.42,-1.36,0.38
2813920,43.43,2.08,-2.60,0.79,42.97,2.63,-3.68,0.63,0.45,-0.55,1.08,0.16,0.13
2836060,43.28,2.78,-2.98,0.85,42.97,2.63,-3.66,0.64,0.32,0.14,0.68,0.21,0.05
2858200,43.15,2.07,-3.71,-0.89,42.95,2.62,-3.66,0.60,0.19,-0.56,-0.05,-1.48,0.22
2880372,44.03,1.55,-3.86,0.15,42.96,2.61,-3.67,0.58,1.07,-1.05,-0.20,-0.43,0.07
2902548,42.70,2.29,-3.37,-0.38,42.94,2.60,-3.66,0.56,-0.24,-0.32,0.28,-0.94,0.10
2924748,42.60,1.90,-3.39,-0.73,42.92,2.59,-3.65,0.52,-0.32,-0.69,0.26,-1.26,0.17
2946952,41.98,1.90,-3.22,0.55,42.89,2.58,-3.64,0.52,-0.91,-0.68,0.42,0.03,0.04
2969112,42.83,2.04,-3.89,1.34,42.88,2.57,-3.65,0.54,-0.04,-0.54,-0.25,0.80,0.07
2991272,42.75,2.53,-3.62,-0.44,42.86,2.57,-3.65,0.52,-0.11,-0.04,0.03,-0.96,0.09
3013440,42.95,2.11,-2.87,-0.72,42.85,2.57,-3.63,0.49,0.10,-0.46,0.76,-1.21,0.20
3035612,42.28,2.12,-2.95,-0.23,42.83,2.56,-3.61,0.47,-0.54,-0.44,0.67,-0.70,0.10
3057796,42.62,2.33,-2.79,1.57,42.81,2.56,-3.59,0.50,-0.20,-0.23,0.80,1.07,0.18
3079948,43.55,2.54,-3.56,1.07,42.81,2.56,-3.59,0.51,0.74,-0.03,0.04,0.56,0.04
3102080,42.41,1.54,-2.14,-1.42,42.79,2.55,-3.56,0.47,-0.39,-1.01,1.42,-1.89,0.57
3124288,43.23,1.59,-1.47,1.07,42.79,2.54,-3.52,0.48,0.44,-0.94,2.05,0.59,0.47
3146424,43.66,2.12,-3.77,2.20,42.79,2.54,-3.52,0.52,0.87,-0.42,-0.25,1.68,0.30
3168584,43.18,2.05,-3.02,-1.33,42.78,2.53,-3.51,0.48,0.40,-0.48,0.49,-1.81,0.35
3190764,42.85,1.99,-4.09,0.63,42.77,2.52,-3.52,0.48,0.08,-0.54,-0.57,0.14,0.04
3212916,42.00,2.32,-3.56,0.55,42.74,2.52,-3.52,0.48,-0.74,-0.20,-0.03,0.07,0.01
3235076,42.27,2.19,-2.15,1.86,42.73,2.52,-3.50,0.51,-0.45,-0.33,1.35,1.35,0.36
3257260,43.25,2.30,-2.09,0.98,42.72,2.52,-3.47,0.52,0.53,-0.22,1.38,0.46,0.21
3279416,43.30,2.06,-3.57,0.02,42.72,2.52,-3.47,0.51,0.59,-0.45,-0.10,-0.49,0.04
3301572,43.85,1.31,-3.15,-0.53,42.72,2.50,-3.47,0.49,1.13,-1.20,0.32,-1.02,0.17
3323760,43.63,1.38,-3.71,1.37,42.71,2.49,-3.47,0.50,0.91,-1.11,-0.24,0.87,0.12
3345916,43.38,1.74,-3.85,0.87,42.71,2.48,-3.48,0.51,0.67,-0.75,-0.37,0.36,0.05
3368112,42.67,1.97,-4.98,-0.09,42.69,2.48,-3.50,0.50,-0.02,-0.50,-1.47,-0.59,0.25
3390292,42.89,1.68,-4.81,-0.09,42.68,2.47,-3.52,0.49,0.21,-0.79,-1.28,-0.58,0.21
3412608,44.05,1.85,-7.16,1.53,42.67,2.47,-3.58,0.51,1.39,-0.61,-3.58,1.02,1.41
3434940,45.51,1.39,-9.65,3.15,42.67,2.46,-3.69,0.55,2.84,-1.07,-5.96,2.59,4.33
3457332,44.63,1.40,-13.22,0.08,42.67,2.45,-9.58,0.26,1.96,-1.05,-3.64,-0.18,0.61
3479676,43.97,1.24,-16.96,0.50,42.63,2.44,-12.40,0.35,1.34,-1.20,-4.56,0.15,1.35
3502136,43.97,1.16,-19.79,6.11,42.59,2.43,-17.31,4.18,1.38,-1.27,-2.48,1.93,0.40
3524528,44.34,2.21,-25.51,7.83,42.52,2.45,-20.59,5.64,1.82,-0.24,-4.92,2.19,1.81
3547012,45.29,2.41,-31.59,8.52,42.46,2.48,-27.92,7.56,2.83,-0.07,-3.67,0.96,0.64
3569388,44.70,1.66,-37.16,4.21,42.35,2.49,-31.62,6.22,2.35,-0.84,-5.54,-2.00,2.20
3591868,42.89,1.72,-41.85,2.98,42.22,2.51,-38.44,4.06,0.67,-0.79,-3.41,-1.08,0.45
3614284,40.18,1.98,-49.91,7.34,42.02,2.52,-43.03,5.37,-1.84,-0.55,-6.87,1.97,3.14
3636680,39.06,4.03,-55.86,13.69,41.80,2.57,-51.59,10.92,-2.74,1.46,-4.27,2.77,1.06
3659348,39.19,5.32,-65.66,15.89,41.57,2.65,-65.66,15.89,-2.37,2.67,-0.01,0.00,0.25
3681832,34.99,4.13,-67.25,5.62,41.23,2.72,-66.81,8.47,-6.24,1.42,-0.44,-2.85,1.04
3704348,33.98,4.92,-69.08,0.61,40.87,2.78,-69.08,0.62,-6.89,2.14,-0.00,-0.00,1.03
3726816,29.36,4.77,-76.56,0.12,34.26,3.90,-76.56,0.12,-4.90,0.87,-0.00,-0.00,0.22
3749304,24.38,4.35,-78.37,4.46,30.50,4.06,-78.37,4.46,-6.12,0.29,-0.00,0.00,0.48
3771740,22.72,4.36,-68.84,7.73,28.21,4.16,-71.49,6.82,-5.49,0.20,2.65,0.91,0.66
3794112,22.02,4.55,-62.84,0.95,26.70,4.25,-67.86,4.35,-4.69,0.30,5.02,-3.41,2.48
3816552,20.20,4.62,-60.46,-3.82,25.36,4.32,-62.91,-1.11,-5.16,0.30,2.45,-2.71,0.88
3838932,17.23,4.35,-48.69,0.58,23.97,4.33,-57.20,-0.43,-6.74,0.02,8.52,1.01,5.18
3861288,15.36,5.63,-43.30,6.87,22.68,4.50,-47.93,4.44,-7.31,1.13,4.64,2.43,1.87
3883816,16.32,5.38,-40.06,1.65,21.77,4.62,-40.07,1.65,-5.46,0.77,0.00,-0.00,0.54
3906240,17.17,5.30,-33.74,-0.93,21.16,4.69,-35.50,-0.21,-3.99,0.61,1.76,-0.72,0.39
3928708,17.43,4.42,-32.84,0.82,20.69,4.67,-34.38,0.22,-3.26,-0.25,1.54,0.60,0.35
3950948,15.63,5.16,-31.51,2.61,20.14,4.72,-33.54,0.93,-4.51,0.45,2.03,1.68,0.86
3973220,12.76,5.38,-28.84,0.63,19.44,4.77,-32.47,0.86,-6.68,0.61,3.63,-0.23,1.85
3995608,14.62,5.81,-29.18,5.97,18.98,4.86,-31.86,1.82,-4.36,0.95,2.68,4.15,2.36
4018100,14.83,7.49,-34.95,2.78,18.58,5.05,-33.84,2.43,-3.74,2.44,-1.11,0.35,0.42
4040376,13.70,7.28,-35.77,-6.46,18.13,5.18,-34.60,-1.04,-4.44,2.10,-1.17,-5.41,2.32
4062716,10.81,5.39,-33.77,-19.98,17.57,5.17,-34.05,-13.65,-6.76,0.22,0.28,-6.33,2.20
4085300,10.31,4.64,-30.46,-10.90,17.02,5.09,-30.46,-10.90,-6.71,-0.45,0.00,0.00,0.85
4107672,11.00,4.30,-33.60,5.95,16.57,5.02,-32.73,1.27,-5.57,-0.73,-0.87,4.68,1.23
4130116,9.47,4.68,-31.80,-0.05,16.07,5.01,-31.80,-0.04,-6.61,-0.33,0.00,-0.00,0.83
4152324,8.32,4.93,-24.34,-5.59,15.57,5.00,-26.41,-4.05,-7.25,-0.07,2.08,-1.54,1.19
4174664,7.37,5.24,-21.47,-2.70,15.07,4.99,-21.47,-2.70,-7.70,0.25,0.00,0.00,1.13
4196948,6.46,4.86,-22.66,2.11,10.12,4.91,-22.66,2.11,-3.66,-0.05,0.00,0.00,0.11
4219292,7.04,5.14,-21.42,4.46,8.94,5.00,-21.42,4.46,-1.90,0.14,0.00,0.00,0.05
4241496,7.15,4.58,-18.79,5.13,8.40,4.90,-19.52,4.94,-1.25,-0.32,0.73,0.19,0.04
4263732,6.95,4.75,-16.23,0.14,8.04,4.88,-18.14,2.92,-1.09,-0.13,1.91,-2.79,0.68
4285908,6.53,4.15,-13.76,-0.09,7.73,4.76,-16.84,2.03,-1.20,-0.61,3.09,-2.12,1.02
4308200,6.33,4.10,-13.86,-0.11,7.47,4.66,-16.16,1.54,-1.14,-0.57,2.30,-1.65,0.64
4330360,5.47,3.70,-13.18,-2.60,7.16,4.53,-15.61,0.77,-1.69,-0.83,2.43,-3.37,1.46
4352528,5.89,3.24,-9.25,-0.35,6.97,4.39,-14.60,0.59,-1.08,-1.14,5.35,-0.94,2.53
4374744,5.43,3.79,-6.24,-1.37,6.77,4.32,-9.27,-0.66,-1.34,-0.54,3.03,-0.71,0.39
4396932,4.93,4.21,-4.41,0.93,6.58,4.31,-7.38,-0.04,-1.64,-0.10,2.97,0.97,0.64
4418848,4.80,4.54,-3.28,-0.34,6.41,4.33,-6.23,-0.12,-1.61,0.21,2.95,-0.21,0.68
4440820,6.01,4.48,-2.64,1.36,6.36,4.35,-5.44,0.20,-0.35,0.13,2.80,1.16,0.72
4462752,6.46,5.31,-2.79,0.41,6.36,4.42,-4.97,0.24,0.11,0.89,2.17,0.17,0.41
4484680,5.63,4.51,-5.28,-1.94,6.29,4.42,-5.02,-0.09,-0.66,0.09,-0.27,-1.85,0.30
4506664,5.99,4.21,-5.33,-3.24,6.25,4.40,-5.06,-0.51,-0.26,-0.19,-0.27,-2.73,0.65
4528636,6.02,3.95,-5.80,-1.44,6.21,4.37,-5.14,-0.62,-0.19,-0.42,-0.66,-0.82,0.10
4550620,4.88,4.46,-4.98,-1.22,6.12,4.37,-5.13,-0.68,-1.24,0.09,0.15,-0.54,0.06
4572572,4.37,4.11,-3.68,-1.50,6.01,4.35,-4.99,-0.76,-1.64,-0.24,1.31,-0.74,0.26
4594556,5.74,3.29,-2.90,-0.69,5.98,4.29,-4.81,-0.75,-0.24,-1.00,1.91,0.06,0.35
4616504,5.94,3.08,-1.88,-1.13,5.97,4.23,-4.58,-0.78,-0.03,-1.16,2.70,-0.35,0.71
4638600,5.70,3.30,-1.07,-0.26,5.95,4.19,-4.32,-0.74,-0.25,-0.89,3.25,0.48,1.02
4660684,5.82,4.47,-1.89,2.29,5.93,4.20,-4.15,-0.53,-0.11,0.27,2.26,2.82,1.22
4682868,5.55,4.61,-2.61,1.48,5.90,4.22,-3.19,0.73,-0.35,0.39,0.58,0.75,0.04
4705012,6.63,4.13,-3.37,-1.33,5.92,4.22,-3.26,-0.06,0.72,-0.08,-0.12,-1.26,0.11
4727016,5.96,3.92,-3.66,-1.76,5.91,4.20,-3.37,-0.54,0.06,-0.28,-0.29,-1.22,0.12
4748984,5.53,4.31,-3.85,-0.29,5.88,4.20,-3.48,-0.48,-0.35,0.11,-0.37,0.19,0.02
4770920,6.00,3.53,-3.57,0.21,5.87,4.18,-3.49,-0.36,0.13,-0.65,-0.08,0.57,0.04
4792824,4.98,3.72,-3.51,-1.76,5.83,4.16,-3.50,-0.57,-0.84,-0.44,-0.02,-1.19,0.14
4814808,5.76,3.60,-2.92,-1.36,5.81,4.13,-3.42,-0.67,-0.05,-0.54,0.50,-0.68,0.07
4836768,6.00,3.34,-3.01,-0.27,5.81,4.11,-3.37,-0.63,0.19,-0.77,0.36,0.35,0.03
4858700,5.82,2.99,-2.61,0.00,5.80,4.07,-3.29,-0.56,0.02,-1.08,0.68,0.56,0.09
4880620,5.44,3.29,-2.41,-1.10,5.77,4.04,-3.21,-0.61,-0.34,-0.75,0.80,-0.48,0.09
4902600,5.53,3.64,-2.37,1.37,5.76,4.04,-3.14,-0.44,-0.22,-0.39,0.77,1.82,0.36
4924584,5.32,3.76,-2.66,2.60,5.73,4.03,-3.10,-0.20,-0.41,-0.28,0.44,2.80,0.74
4946540,6.56,4.05,-2.53,-0.60,5.75,4.03,-3.06,-0.23,0.82,0.02,0.52,-0.36,0.05
4968468,6.07,3.44,-2.72,-2.02,5.74,4.01,-3.03,-0.35,0.33,-0.57,0.32,-1.66,0.27
4990456,5.25,3.68,-3.47,-1.42,5.72,4.00,-3.06,-0.42,-0.47,-0.32,-0.40,-1.00,0.11
5012460,5.77,3.17,-2.87,1.37,5.71,3.98,-3.05,-0.31,0.06,-0.81,0.18,1.69,0.28
5034420,6.35,3.25,-2.75,1.15,5.71,3.96,-3.03,-0.23,0.64,-0.71,0.28,1.38,0.20
5056388,5.33,3.72,-2.73,-1.16,5.69,3.95,-3.02,-0.28,-0.37,-0.23,0.28,-0.88,0.08
5078352,5.79,3.47,-2.23,-0.06,5.69,3.94,-2.98,-0.27,0.10,-0.47,0.75,0.21,0.06
5100284,5.31,3.89,-2.31,0.17,5.67,3.94,-2.94,-0.25,-0.35,-0.05,0.64,0.42,0.06
5122240,5.09,3.78,-2.09,-0.34,5.65,3.94,-2.90,-0.25,-0.55,-0.15,0.81,-0.08,0.07
5144196,5.47,3.63,-1.30,0.09,5.63,3.93,-2.83,-0.24,-0.16,-0.30,1.54,0.33,0.24
5166140,6.21,3.41,-2.82,2.84,5.64,3.93,-2.83,-0.11,0.57,-0.52,0.01,2.95,0.84
5188080,6.24,3.72,-3.15,-0.09,5.64,3.92,-2.85,-0.11,0.61,-0.20,-0.30,0.02,0.02
5210028,5.69,3.53,-2.76,-2.43,5.63,3.91,-2.84,-0.20,0.06,-0.38,0.08,-2.23,0.48
5232004,5.62,2.87,-3.11,-0.17,5.62,3.88,-2.85,-0.20,0.01,-1.01,-0.26,0.03,0.03
5253932,5.86,2.98,-3.07,0.96,5.61,3.87,-2.86,-0.16,0.25,-0.89,-0.21,1.12,0.14
5275884,5.88,3.46,-2.56,0.79,5.60,3.86,-2.85,-0.12,0.27,-0.40,0.28,0.92,0.09
5297792,5.33,3.56,-2.52,-0.35,5.59,3.86,-2.84,-0.13,-0.25,-0.30,0.32,-0.22,0.02
5319796,5.57,3.61,-2.82,-0.26,5.58,3.85,-2.84,-0.14,-0.01,-0.24,0.01,-0.12,0.00
5341748,5.62,3.66,-2.35,0.99,5.57,3.85,-2.82,-0.10,0.06,-0.18,0.47,1.09,0.14
5363660,6.28,3.60,-3.68,0.99,5.57,3.85,-2.85,-0.07,0.71,-0.24,-0.83,1.06,0.19
5385608,5.93,3.64,-3.07,-0.17,5.56,3.84,-2.85,-0.07,0.37,-0.20,-0.21,-0.10,0.01
5407592,5.55,3.76,-2.69,0.12,5.55,3.84,-2.85,-0.06,-0.00,-0.09,0.16,0.19,0.01
5429540,5.27,3.45,-3.57,0.52,5.53,3.84,-2.87,-0.05,-0.27,-0.38,-0.70,0.57,0.08
5451500,6.17,3.42,-3.34,0.49,5.53,3.83,-2.88,-0.03,0.64,-0.41,-0.46,0.52,0.06
5473472,5.96,3.16,-3.68,0.15,5.52,3.82,-2.90,-0.03,0.43,-0.66,-0.78,0.18,0.07
5495420,5.95,3.23,-3.27,0.37,5.52,3.81,-2.91,-0.02,0.43,-0.58,-0.35,0.39,0.04
5517388,6.25,3.45,-3.51,-0.61,5.52,3.80,-2.93,-0.03,0.73,-0.35,-0.58,-0.58,0.08
5539372,5.31,3.61,-3.19,-1.77,5.50,3.80,-2.93,-0.08,-0.19,-0.19,-0.26,-1.69,0.29
5561396,5.18,3.23,-1.74,-2.38,5.49,3.78,-2.91,-0.13,-0.31,-0.55,1.17,-2.25,0.63
5583420,6.02,2.86,-1.71,0.93,5.49,3.77,-2.88,-0.11,0.53,-0.91,1.17,1.04,0.26
5605368,6.09,2.78,-2.08,1.92,5.49,3.76,-2.86,-0.06,0.60,-0.98,0.78,1.99,0.47
5627316,5.46,3.17,-2.32,-0.38,5.48,3.75,-2.85,-0.07,-0.01,-0.57,0.53,-0.31,0.04
5649280,6.19,2.85,-2.21,-0.52,5.48,3.73,-2.83,-0.08,0.71,-0.89,0.62,-0.44,0.08
5671232,6.17,3.07,-2.95,0.31,5.48,3.72,-2.83,-0.07,0.69,-0.66,-0.11,0.38,0.03
5693196,5.57,3.54,-3.40,-0.17,5.47,3.72,-2.85,-0.07,0.10,-0.18,-0.56,-0.09,0.03
5715168,6.32,3.47,-2.98,0.78,5.47,3.72,-2.85,-0.06,0.86,-0.25,-0.13,0.84,0.09
5737132,5.58,3.57,-2.96,0.67,5.46,3.72,-2.85,-0.04,0.13,-0.15,-0.11,0.71,0.05
5759096,5.24,3.85,-3.97,0.20,5.44,3.72,-2.87,-0.04,-0.20,0.13,-1.10,0.24,0.12
5781052,5.61,3.51,-3.59,-0.61,5.43,3.72,-2.89,-0.05,0.18,-0.21,-0.70,-0.56,0.08
5803052,5.72,3.45,-2.85,-0.52,5.42,3.71,-2.89,-0.06,0.30,-0.27,0.03,-0.46,0.02
5825040,5.67,3.49,-4.05,1.13,5.41,3.71,-2.91,-0.04,0.26,-0.23,-1.14,1.17,0.26
5847036,6.45,3.03,-4.84,-1.53,5.41,3.70,-2.94,-0.06,1.04,-0.67,-1.90,-1.46,0.59
5869176,5.70,2.70,-4.11,-3.30,5.40,3.68,-2.96,-0.12,0.31,-0.98,-1.14,-3.18,1.14
5891416,6.13,2.49,-4.70,0.58,5.39,3.66,-3.00,-0.11,0.74,-1.17,-1.71,0.69,0.37
5913516,6.34,2.44,-5.86,2.98,5.38,3.66,-3.05,-0.05,0.95,-1.21,-2.81,3.03,1.72
5935636,6.89,3.37,-7.08,3.33,5.38,3.66,-3.13,0.02,1.51,-0.29,-3.95,3.31,2.65
5957824,6.14,3.56,-9.48,2.34,5.37,3.66,-7.06,1.45,0.77,-0.10,-2.42,0.89,0.27
5979888,6.48,3.34,-12.87,-1.30,5.34,3.66,-9.28,0.40,1.14,-0.32,-3.59,-1.70,1.00
6002124,3.73,3.53,-14.32,-4.95,5.28,3.65,-12.63,-3.15,-1.56,-0.12,-1.69,-1.79,0.25
6024456,2.46,4.77,-15.10,0.92,5.19,3.66,-13.62,-1.53,-2.73,1.11,-1.48,2.44,0.66
6046636,4.96,4.89,-21.57,3.69,5.12,3.68,-15.89,-0.03,-0.15,1.21,-5.68,3.73,3.33
6068856,4.86,4.03,-23.98,-0.23,5.03,3.69,-17.70,-0.08,-0.17,0.34,-6.29,-0.15,3.08
6091156,4.57,4.18,-23.33,-5.63,4.94,3.68,-21.33,-3.67,-0.37,0.49,-1.99,-1.97,0.29
6113384,2.30,3.08,-28.32,-8.58,4.81,3.65,-24.08,-5.60,-2.51,-0.57,-4.24,-2.98,1.76
6135704,1.57,1.87,-31.50,-3.11,4.67,3.61,-29.02,-3.94,-3.10,-1.75,-2.48,0.83,0.48
6158020,2.11,1.22,-32.11,-2.47,4.52,3.57,-30.26,-3.36,-2.41,-2.36,-1.85,0.88,0.48
6180128,2.55,0.93,-33.83,-1.97,4.37,3.54,-31.28,-2.96,-1.82,-2.60,-2.55,0.99,0.73
6202340,1.69,2.12,-36.53,-2.70,4.20,3.51,-32.45,-2.90,-2.51,-1.39,-4.09,0.20,1.46
6224584,-1.05,2.23,-40.17,-6.82,3.99,3.47,-33.86,-3.62,-5.04,-1.24,-6.30,-3.20,4.61
6246820,-3.73,2.85,-43.04,-2.81,3.76,3.45,-39.74,-3.10,-7.50,-0.61,-3.29,0.29,1.51
6269228,-3.21,2.22,-45.37,-6.11,3.52,3.42,-45.37,-6.10,-6.73,-1.21,-0.00,-0.00,0.92
6291564,-3.28,1.77,-45.44,-11.48,3.26,3.38,-45.42,-9.99,-6.54,-1.61,-0.02,-1.49,0.96
6313892,-2.57,0.46,-46.02,-14.11,3.02,3.29,-45.67,-11.72,-5.58,-2.84,-0.34,-2.39,1.11
6336216,-8.00,0.00,-49.74,-17.71,2.70,3.20,-48.40,-15.73,-10.70,-3.20,-1.34,-1.98,2.66
6358684,-11.59,-0.12,-41.60,-13.18,2.33,3.10,-41.61,-13.18,-13.93,-3.21,0.00,0.00,4.03
6381208,-9.80,-0.46,-38.64,-1.22,-4.58,1.07,-38.64,-1.22,-5.22,-1.53,0.00,0.00,0.26
6403548,-9.89,0.40,-48.03,-10.92,-6.60,0.82,-48.02,-10.91,-3.30,-0.42,-0.01,-0.01,0.14
6425976,-6.66,0.13,-34.69,-11.73,-6.74,0.61,-38.39,-11.50,0.09,-0.48,3.71,-0.23,0.39
6448380,-10.06,-1.27,-31.91,-12.56,-7.55,0.17,-35.67,-11.95,-2.51,-1.44,3.76,-0.62,0.98
6470888,-16.30,-1.22,-35.80,-9.92,-9.18,-0.10,-35.71,-11.35,-7.12,-1.12,-0.09,1.43,1.00
6493324,-16.35,-0.14,-45.77,11.98,-10.39,-0.10,-38.02,-6.00,-5.97,-0.04,-7.75,17.99,30.17
6515880,-17.14,-0.13,-52.75,13.11,-11.40,-0.11,-47.54,6.36,-5.74,-0.02,-5.20,6.76,3.14
6538540,-18.78,0.71,-52.32,12.81,-12.42,0.01,-52.32,12.81,-6.36,0.70,-0.00,0.00,0.72
6561088,-18.29,0.89,-49.51,10.05,-13.21,0.14,-50.29,10.81,-5.08,0.74,0.78,-0.77,0.51
6583568,-19.63,0.78,-45.73,4.89,-13.98,0.23,-48.38,8.32,-5.64,0.55,2.65,-3.44,1.68
6606072,-19.82,1.26,-45.68,5.40,-14.66,0.35,-46.57,6.37,-5.17,0.92,0.89,-0.97,0.56
6628472,-21.41,1.00,-50.84,4.53,-15.37,0.42,-48.29,5.63,-6.04,0.58,-2.55,-1.10,1.14
6650896,-23.11,0.71,-54.92,5.37,-16.12,0.46,-52.71,5.46,-6.99,0.25,-2.21,-0.09,1.07
6673372,-24.32,-0.11,-54.55,-2.49,-16.88,0.44,-54.55,-2.48,-7.43,-0.55,-0.00,-0.00,1.03
6695916,-25.99,0.73,-44.52,-1.33,-22.21,0.60,-44.52,-1.33,-3.78,0.13,0.00,0.00,0.12
6718436,-26.16,0.47,-45.56,1.85,-23.77,0.55,-45.56,1.85,-2.40,-0.08,-0.00,0.00,0.07
6740876,-25.97,0.37,-42.32,0.20,-24.49,0.51,-43.22,0.66,-1.49,-0.14,0.90,-0.46,0.06
6763332,-26.64,0.44,-39.04,1.31,-25.07,0.49,-41.46,0.93,-1.57,-0.06,2.43,0.38,0.39
6785680,-27.33,-0.84,-29.18,-11.45,-25.58,0.24,-37.83,-2.73,-1.76,-1.08,8.66,-8.72,10.70
6808244,-29.04,-0.14,-21.69,0.37,-26.19,0.18,-34.13,-2.02,-2.86,-0.32,12.44,2.39,12.51
6830816,-29.69,0.13,-28.49,4.24,-26.75,0.17,-30.48,2.03,-2.93,-0.05,2.00,2.21,0.46
6853252,-29.28,-0.40,-27.27,-2.72,-27.15,0.11,-29.22,0.16,-2.14,-0.50,1.95,-2.88,0.82
6875640,-31.32,0.73,-14.50,1.21,-27.65,0.17,-25.07,0.46,-3.67,0.56,10.56,0.75,8.30
6898060,-32.25,0.87,-14.53,3.39,-28.14,0.25,-22.74,1.11,-4.11,0.62,8.21,2.28,5.97
6920564,-31.23,0.16,-20.14,0.31,-28.48,0.24,-21.06,0.59,-2.74,-0.09,0.92,-0.28,0.17
6943008,-30.87,0.41,-16.14,0.00,-28.74,0.26,-19.13,0.36,-2.13,0.15,2.99,-0.36,0.63
6965368,-32.74,1.35,-10.31,-0.02,-29.08,0.34,-16.64,0.25,-3.66,1.02,6.34,-0.27,3.16
6987788,-33.70,0.98,-13.36,2.61,-29.45,0.39,-15.92,0.77,-4.25,0.59,2.56,1.84,1.12
7010264,-33.98,1.00,-15.85,2.15,-29.80,0.43,-15.87,1.66,-4.19,0.57,0.03,0.49,0.34
7032704,-33.43,0.54,-12.09,-1.94,-30.06,0.44,-14.39,0.25,-3.37,0.10,2.30,-2.19,0.83
7055100,-33.42,0.58,-7.01,-1.77,-30.29,0.44,-12.31,-0.32,-3.13,0.14,5.30,-1.45,2.36
7077492,-33.98,0.26,-7.10,-0.37,-30.52,0.43,-11.16,-0.33,-3.46,-0.17,4.06,-0.04,1.51
7099956,-33.52,-0.08,-7.40,0.90,-30.71,0.40,-8.74,0.46,-2.82,-0.48,1.33,0.44,0.22
7122308,-32.99,-0.47,-6.49,0.81,-30.85,0.36,-7.85,0.60,-2.14,-0.84,1.37,0.21,0.22
7144464,-33.47,-0.43,-6.50,-0.40,-31.00,0.33,-7.47,0.32,-2.48,-0.75,0.97,-0.71,0.23
7166640,-33.64,-0.63,-5.01,-0.09,-31.13,0.29,-6.93,0.23,-2.51,-0.91,1.93,-0.32,0.43
7188852,-34.24,0.12,-5.05,0.17,-31.29,0.28,-6.60,0.22,-2.95,-0.16,1.54,-0.05,0.36
7211000,-35.11,0.96,-5.65,1.79,-31.46,0.31,-6.45,0.46,-3.65,0.64,0.80,1.33,0.47
7233152,-33.38,0.31,-6.06,2.14,-31.56,0.32,-6.40,0.68,-1.82,-0.01,0.34,1.46,0.26
7255308,-33.80,-0.05,-4.61,3.13,-31.66,0.31,-6.19,0.97,-2.14,-0.36,1.58,2.16,0.73
7277600,-35.48,1.30,-2.64,2.58,-31.82,0.36,-5.82,1.14,-3.67,0.95,3.18,1.44,1.37
7299992,-35.23,0.71,-4.12,0.18,-31.95,0.37,-5.66,1.04,-3.27,0.34,1.54,-0.86,0.49
7322180,-33.32,0.42,-2.95,-0.29,-32.01,0.37,-5.43,0.93,-1.31,0.04,2.48,-1.22,0.73
7344488,-34.75,0.75,-2.05,1.57,-32.11,0.39,-5.15,0.98,-2.63,0.36,3.11,0.59,1.06
7366884,-34.29,0.69,-3.19,1.48,-32.19,0.41,-5.01,1.02,-2.09,0.29,1.82,0.46,0.41
7389040,-34.02,0.27,-3.05,0.73,-32.26,0.41,-4.87,1.00,-1.76,-0.14,1.82,-0.26,0.37
7411236,-34.56,0.47,-3.18,0.89,-32.35,0.41,-4.76,0.99,-2.22,0.06,1.58,-0.10,0.33
7433428,-34.40,0.19,-2.87,0.05,-32.42,0.41,-4.64,0.93,-1.98,-0.22,1.77,-0.89,0.45
7455608,-34.63,0.67,-2.18,0.95,-32.49,0.42,-4.50,0.93,-2.14,0.25,2.32,0.01,0.60
7477764,-34.52,0.35,-4.21,2.78,-32.56,0.42,-4.49,1.03,-1.95,-0.08,0.27,1.74,0.37
7499964,-33.65,0.44,-4.18,1.27,-32.61,0.43,-4.47,1.05,-1.04,0.01,0.29,0.22,0.03
7522104,-34.42,0.89,-3.07,0.85,-32.67,0.44,-4.40,1.04,-1.75,0.44,1.33,-0.18,0.24
7544264,-34.01,0.74,-4.05,-1.56,-32.72,0.45,-4.39,0.91,-1.29,0.29,0.34,-2.47,0.63
7566472,-34.33,1.00,-2.29,0.87,-32.77,0.47,-4.29,0.91,-1.56,0.54,2.00,-0.04,0.44
7588628,-34.28,0.89,-3.18,2.29,-32.82,0.48,-4.25,0.97,-1.46,0.41,1.07,1.32,0.32
7610800,-34.78,1.29,-3.66,0.14,-32.88,0.50,-4.22,0.94,-1.90,0.78,0.56,-0.80,0.17
7632960,-34.22,0.96,-1.48,0.20,-32.92,0.52,-4.11,0.91,-1.30,0.45,2.63,-0.71,0.75
7655132,-34.58,0.69,-2.35,0.84,-32.97,0.52,-4.05,0.91,-1.61,0.17,1.70,-0.07,0.33
7677308,-34.05,0.82,-4.14,-0.12,-33.01,0.53,-4.05,0.87,-1.04,0.29,-0.09,-0.99,0.12
7699500,-34.49,0.32,-3.79,0.95,-33.06,0.53,-4.04,0.87,-1.43,-0.21,0.26,0.07,0.05
7721652,-34.07,0.60,-3.79,0.47,-33.09,0.53,-4.03,0.86,-0.97,0.06,0.25,-0.38,0.04
7743808,-34.04,0.25,-3.16,0.29,-33.13,0.53,-4.01,0.84,-0.91,-0.28,0.85,-0.55,0.12
7765988,-34.25,0.65,-3.18,0.79,-33.16,0.53,-3.98,0.84,-1.09,0.12,0.80,-0.04,0.09
7788152,-33.97,0.92,-4.17,0.11,-33.19,0.54,-3.99,0.82,-0.78,0.38,-0.18,-0.71,0.07
7810336,-34.30,1.04,-3.24,-0.35,-33.23,0.55,-3.96,0.78,-1.07,0.48,0.73,-1.13,0.20
7832520,-34.53,0.57,-2.55,0.43,-33.27,0.56,-3.92,0.77,-1.27,0.02,1.37,-0.34,0.23
7854708,-34.76,0.64,-3.34,2.29,-33.31,0.56,-3.91,0.81,-1.45,0.08,0.56,1.48,0.28
7876896,-35.05,0.75,-3.51,1.30,-33.35,0.57,-3.90,0.83,-1.70,0.18,0.39,0.47,0.09
7899052,-34.19,0.50,-2.93,1.01,-33.38,0.57,-3.87,0.83,-0.81,-0.08,0.94,0.18,0.10
7921216,-34.49,1.43,-2.79,2.08,-33.41,0.60,-3.84,0.86,-1.08,0.83,1.05,1.21,0.29
7943412,-34.58,1.30,-3.80,1.13,-33.45,0.61,-3.84,0.87,-1.13,0.68,0.04,0.26,0.04
7965580,-34.94,1.14,-3.79,1.34,-33.49,0.63,-3.84,0.88,-1.45,0.51,0.06,0.46,0.07
7987744,-34.28,0.79,-3.18,-0.38,-33.52,0.63,-3.83,0.85,-0.76,0.16,0.65,-1.23,0.20
8009952,-34.57,1.00,-2.50,0.50,-33.54,0.64,-3.80,0.85,-1.02,0.37,1.29,-0.34,0.20
8032112,-33.81,0.76,-4.18,0.82,-33.57,0.64,-3.81,0.84,-0.25,0.12,-0.38,-0.02,0.02
8054296,-34.49,0.28,-2.49,0.75,-33.59,0.64,-3.78,0.84,-0.90,-0.36,1.29,-0.09,0.18
8076484,-34.88,0.85,-3.76,-0.08,-33.63,0.64,-3.78,0.82,-1.26,0.21,0.02,-0.90,0.11
8098664,-34.68,1.61,-4.12,-0.03,-33.66,0.66,-3.78,0.80,-1.02,0.95,-0.34,-0.83,0.12
8120852,-34.33,1.19,-3.98,-0.11,-33.68,0.67,-3.79,0.78,-0.65,0.52,-0.20,-0.89,0.10
8143064,-33.88,0.88,-1.74,1.11,-33.70,0.68,-3.75,0.79,-0.18,0.20,2.01,0.32,0.41
8165212,-35.75,1.79,-2.23,1.45,-33.74,0.70,-3.72,0.81,-2.02,1.09,1.49,0.64,0.36
8187388,-35.42,1.40,-4.63,-0.05,-33.78,0.71,-3.74,0.79,-1.64,0.69,-0.89,-0.84,0.21
8209604,-35.32,1.44,-3.98,1.33,-33.82,0.72,-3.74,0.80,-1.50,0.72,-0.24,0.53,0.09
8231784,-33.96,1.42,-4.37,0.55,-33.84,0.74,-3.75,0.80,-0.12,0.69,-0.61,-0.25,0.05
8253988,-33.74,0.57,-2.55,-0.26,-33.85,0.73,-3.73,0.78,0.11,-0.17,1.18,-1.04,0.24
8276204,-34.53,0.58,-3.07,-0.11,-33.87,0.73,-3.72,0.76,-0.66,-0.16,0.65,-0.87,0.12
8298416,-34.93,0.97,-4.53,0.41,-33.90,0.74,-3.73,0.75,-1.03,0.23,-0.80,-0.34,0.10
8320604,-34.74,0.65,-3.04,0.12,-33.92,0.74,-3.72,0.74,-0.82,-0.09,0.68,-0.62,0.10
8342772,-35.30,1.35,-2.84,0.23,-33.96,0.75,-3.71,0.73,-1.34,0.60,0.87,-0.50,0.14
8364932,-35.10,1.12,-2.55,-0.26,-33.98,0.75,-3.69,0.72,-1.12,0.37,1.14,-0.98,0.25
8387140,-34.73,0.79,-3.88,1.71,-34.01,0.76,-3.69,0.73,-0.73,0.03,-0.19,0.98,0.11
8409324,-34.80,0.95,-2.93,1.60,-34.03,0.77,-3.68,0.75,-0.77,0.19,0.75,0.86,0.14
8431480,-34.69,1.04,-3.47,2.08,-34.05,0.78,-3.68,0.77,-0.64,0.26,0.21,1.31,0.18
8453672,-35.09,1.38,-3.73,0.08,-34.08,0.79,-3.68,0.76,-1.01,0.60,-0.05,-0.68,0.07
8475860,-35.41,1.04,-4.21,-0.60,-34.11,0.79,-3.69,0.74,-1.30,0.25,-0.53,-1.33,0.24
8498084,-34.46,1.50,-3.22,-0.35,-34.13,0.80,-3.68,0.72,-0.33,0.70,0.46,-1.07,0.15
8520292,-34.74,1.06,-3.05,0.23,-34.15,0.80,-3.67,0.71,-0.59,0.25,0.62,-0.48,0.07
8542484,-35.39,0.77,-4.61,0.85,-34.18,0.81,-3.68,0.72,-1.21,-0.04,-0.93,0.14,0.12
8564700,-34.98,1.15,-4.18,0.70,-34.21,0.81,-3.69,0.72,-0.77,0.34,-0.49,-0.01,0.04
8586896,-34.56,1.05,-3.74,0.11,-34.23,0.82,-3.69,0.71,-0.33,0.23,-0.05,-0.60,0.04
8609092,-35.06,0.95,-3.22,1.10,-34.25,0.82,-3.69,0.71,-0.81,0.13,0.47,0.39,0.05
8631268,-34.80,1.29,-5.11,0.12,-34.27,0.83,-3.71,0.70,-0.53,0.46,-1.41,-0.58,0.24
8653488,-34.57,1.15,-3.95,-1.36,-34.29,0.83,-3.71,0.68,-0.28,0.32,-0.24,-2.03,0.42
8675736,-35.29,0.81,-3.80,0.47,-34.32,0.83,-3.71,0.67,-0.98,-0.02,-0.09,-0.20,0.02
8697928,-35.71,1.47,-4.17,0.43,-34.35,0.84,-3.72,0.67,-1.36,0.63,-0.45,-0.24,0.07
8720136,-35.01,1.40,-3.57,-0.43,-34.37,0.85,-3.72,0.65,-0.64,0.55,0.15,-1.08,0.13
8742344,-35.04,0.89,-3.19,0.60,-34.39,0.85,-3.71,0.65,-0.65,0.04,0.52,-0.06,0.04
8764508,-35.41,1.11,-3.98,1.08,-34.42,0.86,-3.72,0.66,-0.99,0.26,-0.27,0.42,0.05
8786696,-34.63,1.25,-3.21,0.26,-34.43,0.86,-3.71,0.65,-0.20,0.39,0.50,-0.40,0.04
8808888,-35.05,0.99,-2.87,0.24,-34.45,0.86,-3.70,0.65,-0.60,0.13,0.83,-0.41,0.09
8831072,-34.91,0.71,-4.21,0.95,-34.47,0.87,-3.71,0.65,-0.44,-0.15,-0.51,0.29,0.04
8853280,-35.81,0.95,-2.67,1.30,-34.50,0.87,-3.69,0.66,-1.31,0.07,1.02,0.64,0.18
8875456,-35.05,1.23,-2.44,0.08,-34.52,0.88,-3.68,0.65,-0.54,0.36,1.24,-0.58,0.19
8897668,-35.21,1.16,-1.54,1.73,-34.53,0.88,-3.65,0.67,-0.67,0.27,2.11,1.06,0.56
8919860,-35.26,1.77,-1.95,2.18,-34.55,0.90,-3.63,0.69,-0.71,0.87,1.68,1.50,0.52
8942068,-34.97,1.24,-1.18,1.10,-34.56,0.91,-3.60,0.69,-0.41,0.33,2.43,0.41,0.60
8964384,-35.04,1.31,1.44,2.00,-34.57,0.92,-3.54,0.71,-0.47,0.39,4.98,1.29,2.62
8986696,-35.21,1.12,3.42,2.29,-34.57,0.92,-3.45,0.73,-0.64,0.19,6.87,1.56,4.91
9009068,-35.17,1.70,6.27,0.44,-34.58,0.93,2.55,0.55,-0.59,0.77,3.72,-0.11,0.55
9031324,-35.34,2.04,11.86,-1.05,-34.56,0.94,6.11,-0.06,-0.78,1.10,5.75,-0.99,2.14
9053768,-34.48,1.45,18.29,0.44,-34.52,0.95,14.21,0.27,0.04,0.50,4.08,0.17,0.57
9076100,-34.75,1.90,22.35,5.02,-34.45,0.97,17.46,2.17,-0.30,0.93,4.89,2.85,1.94
9098540,-34.89,1.89,27.56,6.90,-34.37,0.99,24.19,5.33,-0.52,0.89,3.37,1.58,0.48
9121020,-31.69,1.12,24.76,6.55,-34.25,1.02,24.42,5.82,2.56,0.10,0.34,0.73,0.17
9143240,-30.02,0.79,25.80,1.98,-34.11,1.03,24.82,4.72,4.09,-0.24,0.98,-2.74,0.94
9165592,-29.78,1.26,35.37,-0.95,-33.94,1.03,27.17,3.46,4.16,0.23,8.21,-4.41,7.09
9188016,-29.80,1.04,50.89,0.56,-33.72,1.04,31.51,2.93,3.92,0.00,19.37,-2.37,31.42
9210464,-29.94,2.21,54.76,8.43,-33.53,1.07,46.41,6.45,3.59,1.15,8.35,1.98,2.93
9233016,-27.31,1.67,46.64,4.03,-33.29,1.10,46.64,4.03,5.98,0.57,0.00,-0.00,0.71
9255380,-24.94,1.06,46.37,5.48,-33.02,1.11,46.44,5.08,8.08,-0.06,-0.08,0.40,1.30
9277804,-24.53,1.54,52.06,12.06,-32.74,1.14,52.06,12.06,8.21,0.40,0.00,0.00,1.33
9300328,-23.39,1.89,55.34,9.69,-27.38,1.58,55.34,9.69,3.99,0.31,0.00,-0.00,0.14
9322808,-22.44,2.12,61.05,9.15,-25.46,1.80,61.05,9.15,3.02,0.32,0.00,-0.00,0.12
9345244,-20.34,2.24,64.72,11.77,-23.92,1.95,63.70,11.04,3.58,0.29,1.02,0.73,0.23
9367768,-18.26,2.72,59.13,10.81,-22.54,2.14,61.78,10.94,4.28,0.57,-2.65,-0.14,0.70
9390128,-15.85,2.37,64.20,11.30,-21.17,2.22,62.50,11.05,5.32,0.15,1.70,0.25,0.67
9412540,-14.62,3.10,70.70,9.50,-19.97,2.38,64.37,10.69,5.36,0.72,6.33,-1.20,3.70
9434916,-13.21,3.80,65.48,9.92,-18.87,2.60,64.58,10.55,5.67,1.20,0.90,-0.63,0.68
9457184,-9.28,4.38,52.89,9.28,-17.58,2.84,62.75,10.35,8.29,1.54,-9.86,-1.07,9.56
9479464,-8.25,3.92,45.80,8.61,-16.43,2.98,60.42,10.11,8.18,0.93,-14.62,-1.50,19.87
9501852,-6.73,4.49,45.59,7.50,-15.33,3.16,51.01,8.45,8.60,1.34,-5.42,-0.96,2.48
9524168,-3.51,4.90,36.87,5.79,-14.12,3.34,36.88,5.79,10.62,1.56,-0.01,-0.00,2.11
9546544,-3.42,3.91,31.31,-0.34,-7.88,3.68,31.31,-0.34,4.46,0.23,-0.00,-0.00,0.17
9568848,-4.89,3.44,38.56,-7.51,-6.71,3.59,38.56,-7.51,1.82,-0.15,0.00,-0.00,0.04
9591132,-2.70,3.45,38.93,-5.48,-5.52,3.53,38.83,-6.04,2.82,-0.08,0.10,0.56,0.13
9613372,-1.45,3.63,33.44,-3.50,-4.55,3.54,36.57,-4.97,3.09,0.09,-3.13,1.48,0.85
9635540,-2.85,4.98,37.69,1.47,-4.13,3.79,36.90,-3.07,1.28,1.19,0.79,4.53,1.54
9657704,-1.99,5.86,34.17,5.63,-3.69,4.10,36.27,-1.07,1.70,1.76,-2.11,6.71,3.91
9679952,-2.05,6.79,30.47,3.79,-3.36,4.45,32.52,2.07,1.30,2.34,-2.05,1.72,0.38
9702084,1.03,6.67,27.91,5.74,-2.75,4.72,30.71,3.51,3.78,1.95,-2.80,2.23,1.10
9724320,2.50,6.82,24.46,1.45,-2.10,4.94,26.55,2.14,4.61,1.88,-2.09,-0.69,0.61
9746468,3.20,6.56,18.20,-1.22,-1.53,5.10,23.21,0.80,4.73,1.46,-5.01,-2.02,2.20
9768716,3.70,5.83,16.53,-2.58,-1.00,5.16,18.76,-1.46,4.71,0.68,-2.23,-1.13,0.62
9791008,3.65,5.15,14.52,-3.42,-0.58,5.15,17.06,-2.24,4.23,0.00,-2.54,-1.18,0.80
9813176,6.49,4.55,9.39,-2.34,-0.02,5.10,14.87,-2.27,6.51,-0.55,-5.48,-0.07,2.94
9835328,8.42,3.22,3.05,0.20,0.58,4.97,12.24,-1.72,7.84,-1.74,-9.18,1.92,8.05
9857432,4.30,5.05,-3.07,-2.89,0.84,4.96,2.35,-2.47,3.45,0.09,-5.42,-0.41,1.27
9879660,3.76,4.63,-2.87,-0.75,1.03,4.93,-2.87,-0.75,2.73,-0.30,-0.00,0.00,0.14
9901796,3.17,4.48,-1.73,-1.91,1.14,4.90,-2.04,-1.59,2.03,-0.42,0.32,-0.32,0.09
9923960,3.38,4.50,-0.09,-1.53,1.26,4.88,-1.22,-1.56,2.12,-0.37,1.13,0.03,0.16
9945896,3.71,4.59,0.11,2.09,1.39,4.87,-0.83,-0.48,2.32,-0.28,0.93,2.57,0.63
9967816,3.75,3.98,-4.35,0.89,1.49,4.82,-1.63,-0.17,2.26,-0.85,-2.72,1.06,0.77
9989764,4.60,3.17,-1.36,2.05,1.63,4.75,-1.58,0.24,2.97,-1.58,0.22,1.80,0.49
10011672,4.25,3.43,-3.34,-0.44,1.73,4.69,-1.85,0.13,2.52,-1.26,-1.49,-0.58,0.37
10033672,5.15,2.91,-3.80,0.99,1.87,4.62,-2.12,0.25,3.29,-1.71,-1.69,0.74,0.56
10055668,4.49,3.60,-5.04,0.72,1.96,4.58,-2.46,0.30,2.53,-0.98,-2.58,0.41,0.74
10077652,2.71,4.05,-3.15,1.21,1.98,4.56,-2.53,0.40,0.74,-0.52,-0.61,0.81,0.11
10099772,3.58,5.89,-4.72,5.33,2.02,4.63,-2.74,0.88,1.56,1.26,-1.97,4.45,2.22
10121884,4.54,5.68,-6.06,2.21,2.09,4.67,-3.04,1.00,2.44,1.01,-3.02,1.22,1.10
10144076,3.49,5.82,-3.07,0.14,2.13,4.72,-3.06,0.46,1.35,1.10,-0.01,-0.32,0.06
10166240,2.40,5.91,-2.47,0.06,2.13,4.76,-2.83,0.30,0.27,1.15,0.36,-0.24,0.04
10188184,2.33,6.69,-4.64,2.58,2.12,4.83,-3.34,0.94,0.21,1.86,-1.31,1.64,0.38
10210152,3.49,6.47,-4.17,2.27,2.15,4.89,-3.52,1.23,1.34,1.58,-0.65,1.04,0.20
10232116,3.06,6.46,-2.23,-1.82,2.17,4.93,-3.29,0.69,0.90,1.53,1.06,-2.50,0.67
10254100,4.57,5.21,-2.73,-1.51,2.23,4.94,-3.20,0.35,2.34,0.28,0.47,-1.86,0.42
10276104,4.47,4.08,-4.40,-2.20,2.28,4.91,-3.36,0.02,2.19,-0.83,-1.04,-2.22,0.63
10298124,2.91,3.98,-4.08,-1.40,2.28,4.88,-3.44,-0.15,0.63,-0.90,-0.64,-1.26,0.20
10320176,3.47,3.49,-3.44,-0.38,2.30,4.84,-3.44,-0.17,1.17,-1.35,0.00,-0.21,0.07
10342188,4.92,2.87,-2.78,0.58,2.36,4.79,-3.37,-0.10,2.57,-1.92,0.60,0.68,0.27
10364204,4.21,2.93,-3.07,-0.60,2.39,4.74,-3.35,-0.15,1.81,-1.81,0.28,-0.45,0.15
10386244,3.19,3.57,-1.44,0.17,2.41,4.71,-3.19,-0.12,0.78,-1.13,1.76,0.29,0.33
10408272,2.60,4.54,-1.39,2.05,2.41,4.71,-3.06,0.04,0.20,-0.17,1.67,2.01,0.63
10430256,3.85,4.47,-2.18,2.56,2.43,4.71,-3.00,0.21,1.42,-0.25,0.82,2.36,0.62
10452272,4.73,4.91,-1.94,1.57,2.48,4.72,-2.93,0.30,2.25,0.19,0.99,1.28,0.34
10474252,3.64,5.04,-0.50,-0.92,2.50,4.72,-2.78,0.22,1.14,0.31,2.28,-1.14,0.64
10496244,3.30,5.54,-1.95,0.46,2.51,4.74,-2.74,0.24,0.79,0.80,0.78,0.22,0.09
10518184,3.49,4.76,-3.18,1.73,2.52,4.75,-2.76,0.32,0.97,0.01,-0.42,1.41,0.22
10540196,4.28,5.16,-2.21,-0.27,2.55,4.76,-2.73,0.29,1.74,0.40,0.52,-0.56,0.12
10562204,3.88,4.37,-0.75,-1.79,2.57,4.75,-2.63,0.19,1.31,-0.38,1.89,-1.97,0.74
10584244,3.85,4.42,-2.05,0.38,2.59,4.74,-2.61,0.20,1.26,-0.32,0.56,0.19,0.07
10606232,3.87,4.77,-1.77,1.16,2.61,4.74,-2.57,0.24,1.27,0.02,0.80,0.92,0.17
10628188,3.50,4.84,-4.38,1.33,2.61,4.75,-2.64,0.28,0.89,0.09,-1.74,1.04,0.41
10650124,3.28,4.42,-3.24,-0.95,2.61,4.74,-2.67,0.23,0.67,-0.32,-0.57,-1.18,0.18
10672148,4.65,3.91,-2.23,-0.29,2.64,4.73,-2.65,0.21,2.01,-0.81,0.42,-0.50,0.13
10694132,4.70,3.82,-3.07,1.08,2.67,4.71,-2.66,0.25,2.03,-0.90,-0.40,0.84,0.18
10716092,4.13,4.15,-2.35,1.77,2.68,4.71,-2.65,0.30,1.45,-0.56,0.30,1.47,0.26
10738056,4.97,4.15,-3.57,1.80,2.71,4.70,-2.68,0.35,2.26,-0.55,-0.89,1.45,0.39
10760040,4.16,4.07,-3.33,0.06,2.73,4.69,-2.70,0.34,1.44,-0.62,-0.62,-0.28,0.09
10782036,3.64,4.15,-4.05,-0.08,2.73,4.68,-2.75,0.33,0.91,-0.53,-1.30,-0.40,0.20
10804044,3.96,4.16,-3.02,2.00,2.74,4.68,-2.76,0.38,1.22,-0.52,-0.27,1.62,0.30
10826044,3.81,5.15,-2.99,1.62,2.74,4.69,-2.76,0.42,1.07,0.46,-0.23,1.20,0.17
10848032,3.26,5.52,-0.60,0.27,2.75,4.71,-2.70,0.42,0.51,0.81,2.10,-0.14,0.45
10870020,3.81,4.97,-0.67,-0.69,2.76,4.71,-2.64,0.38,1.05,0.26,1.97,-1.07,0.51
10892028,3.91,4.55,-2.84,1.25,2.77,4.71,-2.64,0.41,1.14,-0.16,-0.20,0.84,0.10
10914048,3.70,4.06,-3.98,2.06,2.77,4.71,-2.68,0.45,0.93,-0.65,-1.31,1.61,0.44
10936060,2.65,5.60,-0.55,2.49,2.76,4.73,-2.62,0.51,-0.11,0.87,2.07,1.98,0.82
10958076,3.80,4.97,-4.89,1.04,2.76,4.74,-2.68,0.52,1.03,0.23,-2.20,0.52,0.52
10980064,4.63,3.92,-2.38,-1.11,2.78,4.72,-2.67,0.48,1.85,-0.80,0.29,-1.59,0.34
11002100,5.15,3.71,-1.60,2.24,2.81,4.71,-2.64,0.52,2.34,-1.00,1.04,1.72,0.52
11024204,4.81,3.06,1.30,1.77,2.84,4.69,-2.55,0.55,1.97,-1.63,3.85,1.22,1.72
11046356,5.27,2.76,2.95,-0.02,2.88,4.67,-2.41,0.54,2.39,-1.91,5.36,-0.55,3.01
11068576,3.68,4.09,-1.88,2.96,2.88,4.66,-2.08,2.04,0.80,-0.57,0.20,0.92,0.05
11090716,3.35,4.87,1.18,1.47,2.88,4.67,-0.83,1.82,0.46,0.20,2.01,-0.35,0.26
11112680,4.11,4.03,2.34,0.27,2.91,4.67,0.04,1.39,1.20,-0.64,2.29,-1.12,0.51
11134764,3.63,3.95,10.18,-0.92,2.95,4.66,2.24,0.89,0.69,-0.71,7.94,-1.81,5.21
11156932,6.21,1.92,15.08,-1.28,3.04,4.62,4.55,0.50,3.17,-2.70,10.54,-1.78,9.71
11179168,6.21,2.53,22.00,-2.12,3.12,4.59,15.72,-1.18,3.09,-2.06,6.28,-0.94,1.72
11201580,1.88,2.52,36.00,-7.65,3.17,4.55,35.99,-7.64,-1.29,-2.03,0.01,-0.00,0.11
11223888,6.86,4.47,41.65,-20.38,3.37,4.51,40.08,-16.84,3.50,-0.03,1.57,-3.54,0.66
11246216,12.16,4.33,27.63,-29.88,3.62,4.41,34.86,-22.32,8.54,-0.08,-7.22,-7.56,7.79
11268732,7.81,4.11,26.21,-17.97,3.80,4.32,29.08,-19.41,4.01,-0.21,-2.86,1.44,0.66
11291076,7.96,4.00,23.45,-15.08,3.96,4.25,26.82,-17.67,4.00,-0.26,-3.37,2.59,1.40
11313400,11.05,3.70,32.79,-22.23,4.17,4.17,30.81,-20.71,6.88,-0.47,1.99,-1.52,1.15
11336000,17.53,1.92,27.82,-11.10,4.49,4.05,27.82,-11.11,13.04,-2.13,-0.00,0.01,3.44
11358644,16.67,2.02,14.69,-1.77,11.41,2.88,14.69,-1.77,5.26,-0.87,-0.00,0.00,0.25
11381072,6.49,4.28,23.01,-1.77,9.67,3.39,23.00,-1.77,-3.18,0.90,0.01,-0.00,0.14