z_k_0,z_k_1,z_k_2,z_k_3,x_k_0,x_k_1,x_k_2,x_k_3,y_0,y_1,y_2,y_3,epsilon
6.58,4.47,-0.45,0.61,1.10,0.75,-0.07,0.10,5.48,3.73,-0.38,0.51,7.39
6.58,4.55,-0.45,0.52,1.88,1.29,-0.12,0.17,4.70,3.26,-0.33,0.35,5.65
6.61,4.40,-0.37,0.52,2.47,1.68,-0.31,0.44,4.14,2.72,-0.06,0.08,4.30
6.72,4.29,-0.36,0.46,2.94,1.97,-0.32,0.45,3.78,2.32,-0.03,0.01,3.50
6.60,4.18,-0.62,0.44,3.31,2.19,-0.40,0.45,3.30,1.99,-0.21,-0.01,2.67
6.61,4.44,-0.52,0.50,3.61,2.40,-0.42,0.47,3.01,2.04,-0.10,0.03,2.40
6.72,4.36,-0.46,0.50,3.86,2.57,-0.42,0.48,2.86,1.79,-0.04,0.02,2.09
6.61,4.36,-0.57,0.41,4.07,2.71,-0.44,0.48,2.54,1.66,-0.13,-0.06,1.70
6.36,4.51,-0.59,0.55,4.23,2.84,-0.45,0.49,2.12,1.67,-0.13,0.06,1.36
6.46,4.40,-0.52,0.40,4.38,2.94,-0.46,0.48,2.08,1.46,-0.07,-0.09,1.21
6.50,4.66,-0.49,0.64,4.51,3.05,-0.46,0.50,1.99,1.61,-0.04,0.14,1.23
6.51,4.45,-0.49,0.69,4.63,3.14,-0.45,0.53,1.88,1.31,-0.04,0.16,0.99
6.47,4.22,-0.52,0.44,4.73,3.20,-0.46,0.52,1.74,1.02,-0.07,-0.08,0.77
6.60,4.08,-0.36,0.58,4.83,3.25,-0.44,0.53,1.77,0.83,0.09,0.05,0.73
6.64,4.48,-0.57,0.58,4.91,3.31,-0.45,0.53,1.72,1.17,-0.12,0.05,0.83
6.70,4.50,-0.54,0.63,5.00,3.37,-0.45,0.54,1.70,1.13,-0.09,0.08,0.80
6.82,4.32,-0.36,0.53,5.08,3.42,-0.44,0.55,1.74,0.91,0.08,-0.01,0.74
6.63,4.30,-0.54,0.53,5.14,3.46,-0.44,0.55,1.48,0.85,-0.10,-0.01,0.56
6.24,4.58,-0.40,0.67,5.19,3.50,-0.44,0.56,1.05,1.07,0.04,0.11,0.43
6.53,4.54,-0.52,0.50,5.24,3.55,-0.44,0.56,1.29,0.99,-0.09,-0.05,0.51
6.42,4.42,-0.42,0.60,5.28,3.58,-0.44,0.56,1.14,0.84,0.02,0.03,0.39
6.58,4.67,-0.43,0.47,5.33,3.63,-0.43,0.56,1.25,1.05,-0.00,-0.09,0.51
6.42,4.79,-0.40,0.61,5.37,3.67,-0.43,0.56,1.05,1.11,0.03,0.05,0.45
6.73,4.50,-0.51,0.55,5.41,3.70,-0.43,0.57,1.32,0.80,-0.08,-0.02,0.46
6.80,4.34,-0.48,0.63,5.46,3.73,-0.43,0.57,1.34,0.61,-0.05,0.06,0.42
6.96,4.68,-0.45,0.73,5.51,3.76,-0.42,0.58,1.46,0.92,-0.02,0.15,0.58
6.76,4.44,-0.59,0.56,5.54,3.78,-0.43,0.58,1.21,0.66,-0.16,-0.01,0.37
7.04,4.56,-0.49,0.61,5.59,3.81,-0.43,0.58,1.45,0.75,-0.07,0.03,0.52
6.91,4.56,-0.51,0.61,5.62,3.83,-0.43,0.59,1.29,0.73,-0.08,0.03,0.43
6.76,4.72,-0.48,0.47,5.65,3.86,-0.43,0.58,1.11,0.86,-0.05,-0.11,0.38
6.59,4.10,-0.48,0.46,5.68,3.87,-0.43,0.58,0.91,0.23,-0.05,-0.12,0.18
6.69,4.49,-0.45,0.58,5.71,3.89,-0.42,0.58,0.98,0.60,-0.02,-0.00,0.26
6.87,4.69,-0.49,0.61,5.73,3.91,-0.42,0.58,1.13,0.77,-0.07,0.03,0.37
6.72,4.22,-0.26,0.38,5.76,3.92,-0.42,0.58,0.96,0.29,0.15,-0.20,0.21
7.02,4.59,-0.43,0.49,5.79,3.94,-0.41,0.58,1.24,0.65,-0.02,-0.09,0.38
6.63,4.41,-0.63,0.73,5.81,3.95,-0.42,0.58,0.82,0.46,-0.21,0.15,0.19
6.16,4.52,-0.39,0.44,5.81,3.97,-0.42,0.58,0.35,0.55,0.03,-0.14,0.09
6.46,4.67,-0.34,0.56,5.83,3.99,-0.41,0.58,0.63,0.68,0.07,-0.02,0.17
6.85,4.41,-0.42,0.70,5.85,4.00,-0.41,0.59,1.00,0.41,-0.01,0.12,0.23
6.78,4.70,-0.48,0.56,5.87,4.02,-0.41,0.59,0.92,0.68,-0.07,-0.02,0.26
6.55,4.42,-0.63,0.46,5.88,4.03,-0.42,0.58,0.67,0.39,-0.22,-0.13,0.13
6.81,4.52,-0.66,0.50,5.90,4.04,-0.42,0.58,0.91,0.48,-0.24,-0.08,0.22
6.78,4.32,-0.39,0.55,5.92,4.05,-0.42,0.58,0.87,0.27,0.03,-0.03,0.16
6.88,4.33,-0.43,0.63,5.93,4.06,-0.41,0.58,0.94,0.27,-0.02,0.04,0.19
6.91,4.08,-0.55,0.46,5.95,4.06,-0.42,0.58,0.96,0.02,-0.14,-0.12,0.19
6.52,4.49,-0.62,0.60,5.96,4.07,-0.42,0.58,0.56,0.42,-0.20,0.01,0.10
6.53,4.69,-0.54,0.58,5.97,4.09,-0.42,0.58,0.56,0.61,-0.12,-0.00,0.14
6.49,4.55,-0.52,0.70,5.98,4.10,-0.42,0.59,0.51,0.45,-0.10,0.11,0.10
6.59,4.30,-0.57,0.58,5.99,4.10,-0.42,0.59,0.60,0.20,-0.15,-0.01,0.08
6.23,4.17,-0.43,0.37,5.99,4.11,-0.42,0.58,0.24,0.06,-0.01,-0.22,0.02
6.66,4.47,-0.71,0.47,6.00,4.11,-0.43,0.58,0.66,0.36,-0.28,-0.11,0.13
6.37,4.47,-0.46,0.78,6.01,4.12,-0.43,0.59,0.36,0.35,-0.04,0.19,0.06
6.60,4.45,-0.59,0.52,6.01,4.13,-0.43,0.59,0.59,0.32,-0.16,-0.07,0.09
6.82,4.30,-0.48,0.60,6.03,4.14,-0.43,0.59,0.79,0.16,-0.05,0.01,0.13
6.58,4.26,-0.46,0.53,6.03,4.14,-0.43,0.59,0.55,0.12,-0.04,-0.05,0.06
6.90,4.29,-0.40,0.79,6.05,4.15,-0.43,0.59,0.85,0.14,0.02,0.20,0.15
6.22,4.67,-0.48,0.46,6.05,4.16,-0.43,0.59,0.18,0.51,-0.05,-0.13,0.06
6.40,4.27,-0.49,0.67,6.05,4.16,-0.43,0.59,0.35,0.10,-0.07,0.08,0.03
6.54,4.30,-0.59,0.43,6.06,4.17,-0.43,0.59,0.48,0.14,-0.16,-0.16,0.06
6.57,4.30,-0.46,0.58,6.06,4.17,-0.43,0.59,0.51,0.13,-0.04,-0.01,0.05
6.66,4.32,-0.19,0.52,6.07,4.17,-0.42,0.59,0.59,0.15,0.23,-0.07,0.08
6.96,4.40,-0.54,0.61,6.08,4.18,-0.42,0.59,0.88,0.22,-0.12,0.02,0.16
6.51,4.52,-0.49,0.67,6.09,4.19,-0.42,0.59,0.42,0.33,-0.07,0.08,0.06
6.66,4.10,-0.40,0.41,6.09,4.19,-0.42,0.59,0.57,-0.08,0.02,-0.17,0.07
6.73,4.39,-0.52,0.61,6.10,4.19,-0.42,0.59,0.62,0.20,-0.10,0.02,0.09
6.65,4.44,-0.57,0.61,6.11,4.20,-0.42,0.59,0.54,0.24,-0.15,0.02,0.07
6.39,4.61,-0.45,0.64,6.11,4.21,-0.42,0.59,0.28,0.40,-0.03,0.05,0.05
6.76,4.44,-0.60,0.56,6.12,4.21,-0.42,0.59,0.64,0.23,-0.18,-0.03,0.10
6.46,4.20,-0.48,0.46,6.12,4.22,-0.42,0.59,0.34,-0.01,-0.06,-0.13,0.03
6.54,4.49,-0.46,0.38,6.12,4.22,-0.42,0.59,0.42,0.27,-0.04,-0.20,0.06
6.97,4.50,-0.42,0.66,6.13,4.23,-0.42,0.59,0.84,0.27,0.00,0.07,0.15
6.57,4.38,-0.55,0.52,6.14,4.23,-0.42,0.59,0.43,0.15,-0.13,-0.07,0.05
6.53,4.34,-0.52,0.56,6.14,4.24,-0.42,0.59,0.39,0.11,-0.10,-0.02,0.03
6.89,4.51,-0.54,0.56,6.15,4.24,-0.42,0.59,0.74,0.26,-0.12,-0.02,0.13
6.69,4.49,-0.63,0.44,6.15,4.25,-0.42,0.59,0.54,0.25,-0.21,-0.14,0.08
6.55,4.23,-0.45,0.55,6.16,4.25,-0.42,0.59,0.39,-0.02,-0.02,-0.04,0.03
6.45,4.49,-0.49,0.52,6.16,4.25,-0.42,0.58,0.29,0.23,-0.07,-0.07,0.03
6.60,4.26,-0.59,0.69,6.16,4.26,-0.43,0.59,0.44,0.01,-0.16,0.10,0.05
6.57,4.52,-0.59,0.69,6.16,4.26,-0.43,0.59,0.41,0.26,-0.16,0.10,0.05
6.59,4.57,-0.57,0.41,6.17,4.27,-0.43,0.59,0.42,0.30,-0.14,-0.17,0.06
6.54,4.25,-0.42,0.56,6.17,4.27,-0.43,0.59,0.37,-0.02,0.01,-0.02,0.03
6.67,4.75,-0.45,0.63,6.18,4.28,-0.43,0.59,0.50,0.48,-0.02,0.04,0.09
6.46,4.43,-0.59,0.49,6.18,4.28,-0.43,0.59,0.28,0.15,-0.16,-0.10,0.03
6.54,4.49,-0.46,0.37,6.18,4.29,-0.43,0.58,0.36,0.20,-0.04,-0.22,0.04
6.49,4.31,-0.55,0.72,6.18,4.29,-0.43,0.59,0.31,0.03,-0.13,0.13,0.03
6.78,4.13,-0.42,0.76,6.19,4.29,-0.43,0.59,0.59,-0.16,0.01,0.18,0.08
6.79,4.37,-0.28,0.43,6.19,4.29,-0.42,0.59,0.60,0.08,0.14,-0.16,0.08
6.50,4.72,-0.49,0.46,6.19,4.30,-0.42,0.59,0.31,0.42,-0.07,-0.13,0.06
6.60,4.59,-0.80,0.44,6.19,4.30,-0.43,0.58,0.40,0.29,-0.37,-0.14,0.08
6.27,4.22,-0.39,0.79,6.19,4.31,-0.43,0.59,0.08,-0.09,0.04,0.21,0.01
6.73,4.44,-0.72,0.23,6.20,4.31,-0.43,0.58,0.54,0.13,-0.29,-0.35,0.10
6.31,4.62,-0.48,0.53,6.20,4.31,-0.43,0.58,0.12,0.31,-0.05,-0.05,0.02
6.66,4.28,-0.49,0.52,6.20,4.32,-0.43,0.58,0.46,-0.03,-0.07,-0.06,0.04
6.38,4.31,-0.65,0.60,6.20,4.32,-0.43,0.58,0.18,-0.01,-0.22,0.01,0.02
6.79,4.42,-0.45,0.40,6.20,4.32,-0.43,0.58,0.59,0.10,-0.02,-0.18,0.08
6.68,4.16,-0.62,0.38,6.21,4.32,-0.43,0.58,0.47,-0.16,-0.19,-0.20,0.06
6.78,4.39,-0.39,0.87,6.21,4.33,-0.43,0.58,0.57,0.06,0.04,0.29,0.08
7.09,4.60,-0.59,0.43,6.22,4.33,-0.43,0.58,0.87,0.27,-0.16,-0.15,0.17
6.51,3.75,-0.65,0.14,6.22,4.33,-0.43,0.57,0.29,-0.58,-0.22,-0.44,0.13
6.05,3.94,-0.59,3.89,6.21,4.33,-0.43,0.61,-0.17,-0.39,-0.15,3.29,2.18
10.16,-9.04,-0.10,-3.22,6.25,4.19,-0.42,0.54,3.91,-13.23,0.32,-3.76,40.49
7.43,7.82,0.51,1.95,6.26,4.23,-0.41,0.57,1.16,3.58,0.92,1.39,3.35
6.11,16.45,-6.43,4.02,6.25,4.36,-0.48,0.64,-0.14,12.08,-5.95,3.38,38.13
4.32,4.02,-10.92,-6.26,6.21,4.35,-0.65,0.53,-1.88,-0.32,-10.27,-6.79,30.53
7.45,1.98,-23.52,-45.02,6.20,4.30,-18.09,-34.22,1.24,-2.33,-5.42,-10.80,8.31
5.57,3.49,-33.12,-49.28,6.12,4.15,-33.11,-49.28,-0.55,-0.67,-0.00,-0.00,0.15
-0.85,2.93,-62.04,-40.17,5.82,3.94,-56.48,-41.92,-6.67,-1.01,-5.56,1.75,10.19
2.51,1.85,-69.79,-65.53,5.49,3.71,-69.79,-65.52,-2.98,-1.85,-0.00,-0.01,2.38
0.58,5.10,-85.23,-32.87,5.05,3.52,-82.26,-39.15,-4.47,1.57,-2.97,6.28,6.19
-2.26,1.51,-87.44,-2.38,4.42,3.29,-87.44,-2.39,-6.68,-1.78,-0.00,0.01,9.15
-3.31,-5.12,-95.93,-41.10,-2.78,-4.52,-95.93,-41.10,-0.53,-0.61,0.00,-0.00,0.01
-7.87,0.92,-119.00,-37.89,-5.44,-1.97,-118.99,-37.89,-2.43,2.89,-0.01,0.00,1.46
-6.57,0.28,-124.16,-44.15,-6.13,-1.34,-123.16,-42.95,-0.43,1.62,-0.99,-1.20,0.47
-8.91,-3.90,-112.95,-21.10,-7.17,-2.06,-118.59,-33.17,-1.74,-1.84,5.64,12.07,20.59
-11.61,-1.80,-102.17,-30.63,-8.42,-2.12,-105.71,-31.17,-3.19,0.32,3.54,0.55,2.20
-11.24,-4.07,-80.69,-32.75,-9.20,-2.54,-94.69,-31.87,-2.05,-1.53,14.00,-0.88,23.10
-7.70,-5.27,-11.96,-56.38,-9.25,-3.06,-29.78,-51.10,1.56,-2.21,17.83,-5.28,16.14
-9.93,0.13,38.39,-39.66,-9.45,-2.81,38.37,-39.67,-0.48,2.93,0.02,0.00,1.53
-12.84,0.82,61.84,5.59,-9.70,-2.49,57.33,-3.11,-3.14,3.31,4.52,8.70,7.36
-11.17,-5.69,76.70,14.35,-9.66,-2.87,76.69,14.35,-1.51,-2.82,0.01,0.01,1.81
-11.35,-15.23,83.20,-5.57,-9.56,-4.12,81.95,-1.75,-1.79,-11.12,1.25,-3.82,23.35
-10.50,-11.39,59.25,-22.20,-9.36,-4.88,59.25,-22.19,-1.13,-6.51,-0.01,-0.01,7.83
-7.10,-5.33,58.65,-22.53,-7.24,-5.30,58.65,-22.53,0.15,-0.03,0.00,0.00,0.00
-7.73,-2.20,52.82,-15.05,-7.36,-3.85,52.82,-15.06,-0.37,1.65,-0.00,0.00,0.29
-5.97,-4.85,42.83,-2.15,-6.77,-4.21,44.76,-4.63,0.80,-0.64,-1.92,2.48,0.52
-4.87,-7.90,45.90,2.64,-6.16,-5.12,45.27,-1.38,1.30,-2.78,0.63,4.02,3.26
-4.23,-10.61,42.50,-3.73,-5.64,-6.21,44.42,-2.12,1.41,-4.40,-1.92,-1.61,4.29
-2.72,-9.07,39.09,-19.68,-5.02,-6.73,43.17,-6.27,2.30,-2.34,-4.07,-13.41,31.78
-2.61,-6.42,29.06,-17.85,-4.56,-6.73,40.45,-8.51,1.95,0.31,-11.38,-9.34,35.67
-1.35,-5.58,15.16,-19.85,-4.04,-6.62,20.91,-17.27,2.68,1.05,-5.76,-2.58,3.27
0.16,-5.20,18.64,-14.60,-3.50,-6.52,19.93,-16.10,3.66,1.32,-1.29,1.50,3.14
-0.31,-8.69,20.41,0.72,-3.11,-6.76,20.08,-10.99,2.80,-1.93,0.33,11.71,21.19
1.03,-13.41,20.25,-3.08,-2.66,-7.38,20.13,-9.15,3.70,-6.03,0.12,6.06,14.77
3.00,-12.05,20.70,-9.05,-2.12,-7.80,20.57,-9.08,5.12,-4.25,0.12,0.02,8.12
2.50,-9.45,7.02,-9.11,-1.64,-7.98,7.02,-9.11,4.14,-1.47,-0.00,-0.00,3.53
0.49,-7.87,-8.55,-2.70,-1.45,-8.00,-5.56,-3.94,1.95,0.12,-3.00,1.23,1.11
1.93,-10.12,11.49,9.27,-1.19,-8.14,2.08,1.97,3.12,-1.97,9.41,7.29,18.17
1.93,-12.61,28.71,9.66,-0.94,-8.44,22.99,8.01,2.88,-4.17,5.73,1.66,6.31
2.91,-11.26,22.09,8.14,-0.57,-8.63,22.09,8.14,3.48,-2.63,-0.00,0.00,3.51
2.29,-9.29,5.06,7.95,-0.30,-8.64,8.34,7.99,2.59,-0.65,-3.28,-0.03,1.74
1.87,-9.29,-4.02,5.85,-0.15,-8.66,2.81,7.03,2.02,-0.63,-6.83,-1.18,6.15
1.73,-10.32,6.30,1.92,-0.02,-8.74,5.55,3.02,1.74,-1.58,0.75,-1.10,1.11
1.50,-11.00,7.63,-3.04,0.10,-8.87,6.47,0.35,1.41,-2.13,1.16,-3.38,2.65
2.42,-8.64,5.64,-1.59,0.25,-8.86,6.22,-0.25,2.17,0.22,-0.58,-1.34,1.20
2.50,-6.27,3.40,5.74,0.38,-8.71,5.57,1.16,2.12,2.44,-2.17,4.58,5.90
2.85,-7.71,2.50,6.60,0.52,-8.64,4.99,2.21,2.34,0.94,-2.49,4.39,5.32
2.04,-8.98,3.78,0.50,0.61,-8.65,4.06,0.89,1.44,-0.32,-0.28,-0.39,0.42
3.06,-10.21,2.82,-3.51,0.73,-8.73,3.52,-1.03,2.33,-1.48,-0.70,-2.48,2.20
3.37,-8.23,1.67,-3.69,0.85,-8.72,2.97,-1.84,2.52,0.48,-1.29,-1.85,1.97
3.59,-4.85,2.35,-2.82,0.98,-8.57,2.83,-2.06,2.61,3.71,-0.48,-0.76,4.08
3.56,-5.62,6.27,0.61,1.10,-8.45,3.49,-1.55,2.46,2.83,2.78,2.16,4.69
3.14,-9.02,1.90,-0.56,1.19,-8.47,3.24,-1.39,1.95,-0.55,-1.34,0.83,1.21
3.52,-8.55,1.63,-4.92,1.28,-8.49,3.03,-1.88,2.24,-0.06,-1.40,-3.04,2.90
3.02,-7.85,4.64,-4.00,1.36,-8.48,3.23,-2.13,1.66,0.63,1.41,-1.87,1.57
3.39,-9.38,1.96,-3.60,1.44,-8.53,3.10,-2.29,1.95,-0.85,-1.13,-1.31,1.41
3.64,-8.16,-9.52,-5.36,1.49,-8.53,1.88,-2.59,2.15,0.37,-11.39,-2.77,25.78
3.31,-7.36,-6.43,-2.14,1.53,-8.50,1.13,-2.54,1.79,1.14,-7.56,0.41,11.30
2.99,-7.99,-2.71,-1.66,1.57,-8.50,-1.81,-1.87,1.42,0.51,-0.89,0.20,0.48
3.35,-9.19,0.96,-5.16,1.63,-8.53,-0.60,-3.30,1.73,-0.65,1.56,-1.86,1.32
2.68,-8.52,-6.60,-4.98,1.64,-8.55,-2.42,-3.81,1.04,0.03,-4.18,-1.17,2.84
2.77,-7.58,-7.15,-2.20,1.65,-8.53,-3.52,-3.43,1.12,0.95,-3.63,1.23,2.68
2.46,-8.83,-1.87,-4.31,1.66,-8.56,-3.20,-3.60,0.79,-0.28,1.34,-0.71,0.51
2.98,-8.96,-0.39,-4.55,1.69,-8.58,-2.75,-3.75,1.29,-0.38,2.37,-0.80,1.39
2.27,-8.98,-3.64,-4.82,1.70,-8.61,-2.87,-3.90,0.57,-0.36,-0.77,-0.93,0.34
2.67,-8.78,-4.91,-2.75,1.70,-8.63,-3.11,-3.76,0.97,-0.15,-1.79,1.01,0.93
2.55,-8.66,0.06,-3.15,1.72,-8.64,-2.77,-3.69,0.82,-0.02,2.83,0.55,1.61
3.24,-7.46,-0.78,1.71,1.76,-8.61,-2.57,-3.17,1.48,1.15,1.79,4.88,5.55
2.89,-9.40,-0.01,3.76,1.78,-8.62,-2.33,-2.54,1.11,-0.79,2.33,6.29,8.55
3.03,-10.04,-1.39,2.90,1.80,-8.66,-1.61,1.63,1.23,-1.38,0.22,1.27,0.75
2.25,-8.38,-4.37,-2.27,1.80,-8.65,-2.81,-0.07,0.45,0.28,-1.56,-2.21,0.88
2.97,-8.47,-4.51,-3.65,1.81,-8.66,-3.32,-1.15,1.16,0.19,-1.19,-2.50,1.34
2.14,-8.50,-1.35,-3.01,1.81,-8.67,-2.86,-1.58,0.33,0.16,1.51,-1.42,0.69
2.29,-9.18,-2.89,-1.89,1.81,-8.68,-2.87,-1.64,0.48,-0.50,-0.02,-0.25,0.10
2.48,-8.64,3.14,2.02,1.83,-8.68,-1.91,-1.06,0.64,0.03,5.05,3.08,5.96
2.44,-7.62,8.61,7.82,1.87,-8.63,-0.44,0.18,0.57,1.02,9.05,7.64,24.39
1.79,-8.72,15.99,15.21,1.88,-8.62,12.21,11.74,-0.09,-0.10,3.79,3.46,1.22
2.13,-10.51,22.59,12.72,1.95,-8.61,16.73,12.16,0.18,-1.90,5.86,0.55,4.62
2.93,-7.13,31.28,15.25,2.08,-8.53,21.15,13.10,0.85,1.40,10.13,2.15,15.44
4.15,-3.60,51.51,32.67,2.29,-8.32,28.28,17.71,1.86,4.72,23.22,14.96,121.73
4.13,-5.16,66.48,44.43,2.47,-8.17,57.87,38.41,1.66,3.01,8.61,6.02,7.29
5.21,-10.73,74.42,29.97,2.78,-8.10,74.42,29.97,2.44,-2.62,0.01,-0.00,2.49
6.16,-9.38,76.04,13.13,3.17,-8.03,75.73,16.37,2.99,-1.34,0.31,-3.24,2.49
8.66,-3.91,91.29,24.41,3.65,-7.83,82.71,19.98,5.01,3.92,8.58,4.43,18.12
10.41,-1.59,108.51,50.21,4.19,-7.56,102.97,43.71,6.22,5.97,5.55,6.50,17.57
11.12,-6.27,119.99,61.33,4.85,-7.34,119.99,61.32,6.27,1.07,0.01,0.01,7.77
13.54,-12.70,105.12,50.23,12.94,-12.29,105.12,50.23,0.59,-0.41,-0.00,-0.00,0.01
18.31,-5.38,97.80,45.08,15.76,-8.84,97.80,45.09,2.55,3.46,-0.00,-0.00,1.91
19.66,7.92,104.65,75.11,17.30,-3.23,103.34,69.35,2.36,11.15,1.32,5.77,18.83
24.34,0.19,114.27,75.19,19.40,-2.16,114.27,75.19,4.95,2.35,0.00,0.00,4.48
27.32,-4.49,85.08,48.46,21.34,-2.40,90.70,53.60,5.97,-2.09,-5.62,-5.14,8.62
27.34,1.14,56.03,32.50,22.70,-1.60,56.04,32.51,4.64,2.74,-0.01,-0.01,4.78
28.82,9.66,61.52,39.71,23.82,0.21,60.47,38.33,5.01,9.45,1.05,1.38,19.56
32.94,5.39,64.56,62.03,25.30,1.07,64.56,62.02,7.63,4.32,0.00,0.01,13.23
31.28,-2.40,33.72,42.98,30.87,-2.13,33.72,42.98,0.41,-0.27,-0.00,-0.00,0.00
30.41,6.21,27.45,25.82,30.72,2.00,27.45,25.82,-0.31,4.21,-0.00,-0.01,1.83
30.39,12.40,32.93,28.64,30.69,5.47,31.87,28.10,-0.30,6.93,1.05,0.54,6.54
33.20,8.89,24.67,24.61,31.42,6.42,24.67,24.61,1.78,2.47,-0.00,-0.00,1.38
34.42,8.04,11.11,19.18,32.10,6.82,13.72,20.22,2.32,1.22,-2.61,-1.05,1.40
34.01,8.53,-1.93,8.20,32.44,7.16,6.72,14.84,1.57,1.38,-8.64,-6.64,13.87
32.19,7.91,-8.89,-2.23,32.41,7.30,-5.53,1.44,-0.22,0.61,-3.36,-3.67,1.14
30.46,4.49,-7.61,5.27,32.14,6.96,-6.45,3.12,-1.69,-2.47,-1.16,2.14,2.23
31.67,4.93,3.12,7.36,32.09,6.75,-3.52,4.41,-0.42,-1.82,6.65,2.94,7.97
34.36,9.80,4.74,10.98,32.33,7.09,-1.57,5.97,2.04,2.71,6.31,5.01,11.95
33.82,7.37,-15.70,0.35,32.45,7.14,-12.51,1.62,1.37,0.23,-3.19,-1.27,0.88
28.85,2.75,-28.36,-3.34,32.07,6.76,-19.45,-0.56,-3.22,-4.02,-8.91,-2.78,14.62
28.09,5.57,1.86,-15.42,31.70,6.66,-2.74,-12.22,-3.61,-1.09,4.60,-3.20,3.99
33.17,9.06,17.11,-4.15,31.84,6.80,6.01,-8.66,1.33,2.26,11.10,4.51,17.32
35.07,9.78,-0.04,1.24,32.07,6.98,1.27,-0.89,3.00,2.80,-1.30,2.13,3.41
31.76,7.16,-16.81,0.64,32.02,6.99,-6.70,-0.22,-0.26,0.17,-10.11,0.86,11.54
28.70,6.04,-7.56,-10.89,31.80,6.92,-7.38,-8.59,-3.10,-0.88,-0.18,-2.30,2.19
29.89,7.33,3.16,-8.90,31.69,6.91,-2.74,-8.72,-1.80,0.42,5.90,-0.18,4.55
32.09,8.47,7.77,-2.70,31.72,6.98,0.47,-6.88,0.37,1.49,7.29,4.18,10.24
32.07,7.75,0.79,2.75,31.75,7.02,0.55,-4.60,0.33,0.73,0.24,7.35,8.38
31.11,6.56,-1.91,-2.99,31.71,6.98,-1.36,-3.36,-0.60,-0.42,-0.55,0.36,0.12
30.11,6.44,-0.57,-9.39,31.64,6.93,-1.02,-6.00,-1.53,-0.49,0.45,-3.39,1.81
31.44,7.87,3.93,-9.95,31.64,6.94,0.49,-7.20,-0.19,0.94,3.44,-2.76,2.89
32.36,8.69,3.92,-2.29,31.68,7.00,1.29,-6.05,0.68,1.70,2.63,3.76,3.86
31.82,5.37,0.09,3.45,31.69,6.93,1.06,-4.26,0.14,-1.57,-0.98,7.71,10.28
30.74,4.04,-1.39,-2.73,31.65,6.81,0.66,-4.02,-0.91,-2.77,-2.06,1.29,2.63
31.80,6.89,4.32,-7.82,31.67,6.79,1.17,-4.55,0.13,0.10,3.14,-3.27,3.55
33.13,8.71,2.93,-3.59,31.73,6.84,1.39,-4.42,1.40,1.87,1.54,0.84,1.58
32.11,5.82,-5.46,-1.30,31.73,6.80,0.65,-4.09,0.38,-0.98,-6.10,2.79,8.25
30.79,5.25,-2.91,-2.05,31.69,6.74,0.29,-3.89,-0.90,-1.48,-3.19,1.84,3.02
31.46,6.49,0.38,-4.41,31.68,6.71,0.29,-3.93,-0.22,-0.22,0.08,-0.48,0.06
31.85,6.88,-1.55,-6.78,31.68,6.69,0.14,-4.17,0.17,0.18,-1.69,-2.61,1.78
32.27,7.31,-3.78,-4.82,31.69,6.69,-0.16,-4.22,0.58,0.61,-3.62,-0.60,2.62
31.22,7.29,-6.60,-3.34,31.66,6.70,-0.62,-4.16,-0.43,0.60,-5.98,0.81,6.86
30.80,5.73,-5.78,2.60,31.61,6.67,-0.99,-3.69,-0.82,-0.94,-4.79,6.28,11.92
31.58,4.57,2.10,-2.37,31.61,6.60,1.38,-2.68,-0.03,-2.03,0.72,0.31,0.83
33.43,8.01,-4.14,-4.09,31.65,6.63,-1.02,-3.29,1.78,1.39,-3.12,-0.80,2.17
31.13,6.48,-16.78,-13.08,31.60,6.58,-5.80,-6.26,-0.46,-0.10,-10.99,-6.83,23.37
30.53,5.50,-17.06,-18.81,31.51,6.50,-8.44,-9.20,-0.98,-0.99,-8.62,-9.61,25.87
28.99,6.74,-18.34,-16.72,31.41,6.46,-16.11,-15.02,-2.42,0.28,-2.23,-1.69,1.51
28.31,6.18,-22.80,-10.89,31.26,6.40,-19.04,-13.21,-2.94,-0.22,-3.76,2.33,3.89
27.39,5.21,-22.91,-12.35,31.08,6.33,-20.23,-12.95,-3.68,-1.11,-2.68,0.60,3.93
28.45,4.16,-21.12,-17.33,30.93,6.21,-20.44,-13.98,-2.49,-2.05,-0.68,-3.35,3.80
28.12,4.02,-25.04,-20.29,30.78,6.09,-21.32,-15.18,-2.65,-2.07,-3.72,-5.11,8.67
27.22,2.93,-34.22,-23.18,30.57,5.93,-23.41,-16.48,-3.35,-3.00,-10.81,-6.70,30.99
25.65,1.04,-41.38,-31.37,30.36,5.75,-37.26,-27.96,-4.71,-4.71,-4.12,-3.41,9.96
25.20,2.28,-42.60,-33.85,30.04,5.52,-42.60,-33.85,-4.84,-3.25,-0.00,-0.00,6.56
24.69,0.99,-43.15,-17.71,25.06,1.31,-43.15,-17.71,-0.37,-0.32,0.00,0.00,0.00
24.67,-2.24,-46.42,-20.17,24.78,-0.45,-46.42,-20.17,-0.11,-1.79,-0.00,-0.00,0.33
22.45,-0.59,-45.73,-21.21,23.90,-0.55,-45.86,-21.01,-1.44,-0.04,0.13,-0.20,0.28
22.88,1.84,-40.51,-36.20,23.52,-0.05,-43.47,-27.81,-0.64,1.89,2.96,-8.39,9.36
29.41,2.89,-36.20,-40.21,24.54,0.44,-37.76,-37.54,4.87,2.45,1.56,-2.67,5.18
21.01,0.70,-76.11,-41.98,23.81,0.36,-76.10,-41.98,-2.79,0.34,-0.01,-0.00,1.31
17.91,-2.03,-105.36,-47.01,22.65,-0.14,-99.74,-46.04,-4.75,-1.88,-5.62,-0.96,5.69
18.72,-2.74,-83.06,-46.46,21.76,-0.66,-83.06,-46.46,-3.04,-2.08,0.01,-0.00,2.34
18.64,-1.10,-74.74,-26.27,21.10,-0.86,-76.34,-30.16,-2.46,-0.24,1.60,3.88,1.75
20.78,-0.99,-69.20,-20.37,20.81,-0.97,-73.14,-25.77,-0.02,-0.02,3.95,5.41,4.95
7.52,-4.73,-107.12,-10.47,19.16,-1.39,-83.68,-21.05,-11.65,-3.33,-23.44,10.58,117.60
9.33,-5.22,-116.54,19.24,17.90,-1.71,-91.53,-11.47,-8.57,-3.51,-25.01,30.70,254.52
14.28,-4.73,-82.71,-2.00,17.27,-1.99,-84.70,-4.14,-2.99,-2.74,1.99,2.14,3.40
2.59,0.71,-96.08,-14.11,15.83,-1.82,-89.71,-8.49,-13.23,2.53,-6.38,-5.61,41.61
0.63,3.32,-101.18,1.13,14.41,-1.49,-98.72,-0.94,-13.79,4.81,-2.46,2.07,40.06
3.40,1.00,-65.68,4.95,13.20,-1.30,-65.69,4.94,-9.80,2.30,0.01,0.00,18.72
5.02,-2.20,-17.96,-6.12,5.59,-2.13,-17.96,-6.12,-0.57,-0.07,0.00,-0.00,0.00
0.75,-1.18,-22.36,-9.34,3.21,-1.68,-22.35,-9.34,-2.46,0.50,-0.00,-0.00,0.65
1.19,0.40,-21.55,-12.93,2.49,-1.03,-21.70,-12.24,-1.30,1.43,0.16,-0.69,0.52
0.51,1.70,-6.31,-9.45,1.96,-0.39,-14.81,-10.99,-1.45,2.09,8.50,1.54,9.23
1.15,-0.62,4.07,-6.61,1.76,-0.47,0.01,-7.55,-0.62,-0.15,4.06,0.94,0.81
0.57,-3.82,-6.98,-6.87,1.55,-1.05,-3.08,-7.26,-0.99,-2.77,-3.91,0.39,3.17
0.27,-5.59,-15.52,-5.91,1.34,-1.71,-6.88,-6.85,-1.07,-3.88,-8.63,0.95,13.24
0.60,-3.52,-4.07,-2.14,1.23,-1.95,-6.22,-5.74,-0.63,-1.57,2.15,3.61,3.21
0.03,-3.63,-1.64,5.07,1.08,-2.13,-5.35,-3.68,-1.06,-1.50,3.71,8.75,15.23
-0.30,-6.43,-3.79,4.11,0.93,-2.55,-5.10,-2.43,-1.23,-3.88,1.31,6.53,10.44
-0.21,-6.93,-6.89,4.55,0.81,-2.95,-6.48,2.95,-1.02,-3.98,-0.41,1.60,3.19
-0.18,-5.00,-8.49,2.46,0.70,-3.11,-7.36,2.73,-0.88,-1.89,-1.13,-0.27,0.95
-1.17,-5.30,-10.07,-0.61,0.52,-3.28,-8.19,1.71,-1.69,-2.02,-1.88,-2.32,2.52
-0.42,-5.10,-5.90,-2.53,0.43,-3.41,-7.66,0.72,-0.84,-1.69,1.76,-3.25,2.75
-0.55,-3.24,-0.78,2.15,0.35,-3.40,-6.36,0.99,-0.90,0.16,5.58,1.16,5.42
-1.35,-4.80,-2.94,4.85,0.23,-3.47,-5.81,1.61,-1.58,-1.34,2.88,3.25,3.97
-0.62,-6.32,1.34,2.99,0.18,-3.63,-4.82,1.79,-0.80,-2.70,6.16,1.20,8.28
-0.40,-3.69,15.74,-4.20,0.18,-3.64,-2.27,1.05,-0.59,-0.05,18.00,-5.25,61.66
-0.04,-1.19,14.53,-4.56,0.18,-3.51,10.64,-3.27,-0.22,2.32,3.88,-1.30,1.80
-0.56,-2.09,1.32,0.05,0.16,-3.45,6.58,-1.82,-0.72,1.35,-5.26,1.87,3.96
0.10,-3.54,-1.58,-0.31,0.16,-3.45,4.11,-1.36,-0.06,-0.08,-5.68,1.06,4.66
0.34,-4.64,1.78,-0.43,0.18,-3.51,3.57,-1.15,0.16,-1.13,-1.78,0.72,0.82
1.17,-2.77,3.90,1.31,0.24,-3.47,3.63,-0.68,0.93,0.70,0.27,1.99,0.92
1.54,-3.13,-1.29,3.98,0.29,-3.45,2.85,0.06,1.25,0.32,-4.14,3.92,5.80
0.58,-3.99,-4.95,5.37,0.29,-3.46,1.77,0.80,0.29,-0.53,-6.72,4.57,11.44
0.49,-3.77,-2.83,3.40,0.30,-3.46,-1.77,2.80,0.19,-0.31,-1.06,0.60,0.09
0.32,-4.17,1.51,-0.18,0.30,-3.48,-0.34,1.50,0.02,-0.68,1.85,-1.68,0.79
0.52,-3.33,-0.77,0.50,0.31,-3.48,-0.47,1.20,0.21,0.14,-0.30,-0.69,0.09
0.73,-2.68,0.33,0.43,0.32,-3.45,-0.28,1.02,0.41,0.76,0.61,-0.59,0.26
0.79,-3.83,1.77,1.30,0.34,-3.45,0.11,1.07,0.45,-0.38,1.66,0.23,0.52
0.15,-4.15,-0.39,2.20,0.34,-3.47,0.03,1.25,-0.19,-0.68,-0.41,0.95,0.28
-0.65,-4.44,-2.01,3.27,0.30,-3.49,-0.25,1.52,-0.95,-0.96,-1.75,1.74,1.40
0.52,-4.54,3.00,-0.31,0.32,-3.52,0.14,1.30,0.21,-1.02,2.86,-1.60,2.10
0.49,-2.71,1.87,-0.34,0.33,-3.50,0.33,1.13,0.16,0.78,1.55,-1.46,0.93
1.03,-2.33,-7.55,2.47,0.32,-3.45,-0.44,1.26,0.71,1.13,-7.11,1.21,9.74
-0.29,-4.34,-13.75,3.77,0.26,-3.47,-1.65,1.49,-0.55,-0.87,-12.09,2.28,27.73
-1.19,-3.17,-15.84,3.18,0.21,-3.45,-12.53,2.78,-1.39,0.28,-3.30,0.39,0.91
-1.59,-1.00,-18.75,5.95,0.10,-3.37,-15.24,4.17,-1.68,2.37,-3.51,1.79,3.39
-1.60,-0.72,-28.74,5.31,-0.04,-3.28,-19.34,4.52,-1.56,2.56,-9.40,0.79,14.14
-2.92,-2.46,-45.61,38.20,-0.26,-3.15,-25.51,12.42,-2.66,0.68,-20.10,25.78,164.97
-3.34,-1.53,-52.23,26.81,-0.46,-3.05,-46.21,23.57,-2.88,1.52,-6.02,3.24,4.17
-7.47,-5.51,-65.07,50.67,-0.85,-2.95,-54.48,35.42,-6.62,-2.55,-10.60,15.25,48.62
-4.35,-3.15,-67.47,22.26,-1.16,-2.83,-64.67,25.10,-3.19,-0.32,-2.80,-2.84,2.69
-3.60,-0.57,-56.34,15.98,-1.45,-2.70,-61.01,21.09,-2.15,2.13,4.67,-5.10,7.15
-6.82,1.86,-55.81,-3.80,-1.80,-2.54,-56.93,1.57,-5.02,4.40,1.12,-5.37,10.02
-16.32,0.52,-83.50,-25.82,-2.52,-2.43,-83.49,-25.81,-13.81,2.94,-0.01,-0.01,38.50
-10.66,-2.06,-91.32,0.58,-10.10,-2.10,-91.32,0.58,-0.56,0.03,0.00,0.00,0.00
-12.76,-2.07,-76.86,-10.43,-11.58,-2.09,-76.86,-10.42,-1.18,0.01,0.00,-0.00,0.14
-10.84,-4.06,-67.13,-15.45,-11.54,-2.76,-69.01,-14.48,0.70,-1.30,1.87,-0.97,0.46
-17.56,-3.52,-60.23,-17.18,-13.21,-2.99,-65.09,-15.69,-4.35,-0.52,4.85,-1.48,5.74
-16.67,-4.48,-65.75,-12.27,-14.11,-3.34,-65.61,-13.01,-2.56,-1.14,-0.14,0.74,1.29
-13.31,-6.68,-46.22,-28.76,-14.16,-3.96,-57.06,-19.96,0.85,-2.72,10.84,-8.80,23.15
-15.10,-5.35,-33.36,-43.13,-14.47,-4.24,-38.47,-38.14,-0.63,-1.11,5.11,-4.99,2.48
-31.43,-0.89,-79.36,-20.43,-16.79,-3.92,-56.52,-30.33,-14.64,3.03,-22.84,9.90,108.23
-22.41,-4.29,-100.91,-5.77,-17.64,-4.06,-91.34,-11.06,-4.77,-0.23,-9.56,5.29,9.19
-20.59,-4.76,-74.78,-0.61,-18.29,-4.17,-74.79,-0.61,-2.31,-0.59,0.01,0.00,1.01
-20.45,-10.14,-45.46,-20.34,-18.75,-4.78,-51.10,-16.55,-1.70,-5.36,5.64,-3.79,7.47
-24.80,-11.31,-38.11,-28.20,-19.54,-5.49,-38.12,-28.19,-5.25,-5.81,0.00,-0.00,11.04
-33.96,-3.39,-75.26,-5.48,-32.94,-3.55,-75.26,-5.48,-1.03,0.16,-0.00,0.00,0.02
-22.74,-2.89,-66.63,-0.31,-28.15,-3.24,-66.63,-0.31,5.41,0.35,0.00,0.00,3.02
-23.84,-3.08,-26.66,-7.88,-26.90,-3.19,-34.35,-6.42,3.06,0.11,7.69,-1.46,3.61
-32.63,-6.61,-38.04,-4.85,-28.42,-4.05,-36.01,-5.73,-4.21,-2.56,-2.03,0.87,4.19
-28.47,-8.82,-41.85,-4.63,-28.56,-5.01,-37.81,-5.39,0.08,-3.81,-4.04,0.77,4.67
-29.06,-6.47,-36.71,-4.49,-28.76,-5.27,-37.55,-5.18,-0.30,-1.20,0.85,0.69,0.44
-29.01,-5.29,-29.30,-7.88,-28.91,-5.29,-35.98,-5.70,-0.10,0.00,6.67,-2.18,7.98
-31.10,-4.00,-21.21,-10.72,-29.28,-5.16,-33.58,-6.51,-1.82,1.16,12.37,-4.21,29.42
-34.49,-6.85,-34.62,-2.98,-29.97,-5.37,-34.38,-3.79,-4.52,-1.48,-0.23,0.81,4.05
-29.48,-6.62,-24.46,3.24,-30.03,-5.49,-30.05,-0.73,0.55,-1.12,5.59,3.96,5.57
-31.30,-4.67,-0.60,-2.03,-30.23,-5.42,-6.95,-1.75,-1.07,0.75,6.35,-0.28,2.06
-36.89,-5.39,-8.98,-1.42,-30.81,-5.43,-7.86,-1.60,-6.07,0.04,-1.12,0.18,6.90
-33.54,-7.54,-15.06,-0.46,-31.06,-5.59,-13.51,-0.71,-2.48,-1.95,-1.55,0.25,1.94
-34.06,-8.15,-8.91,-3.98,-31.31,-5.78,-11.49,-2.16,-2.75,-2.37,2.58,-1.83,3.56
-34.10,-8.08,-7.39,-1.56,-31.53,-5.94,-10.24,-1.98,-2.57,-2.14,2.85,0.42,3.25
-34.24,-7.12,-2.10,-2.79,-31.72,-6.03,-8.34,-2.17,-2.52,-1.09,6.24,-0.62,7.46
-34.90,-7.07,-5.46,-0.23,-31.93,-6.09,-7.80,-1.80,-2.98,-0.98,2.34,1.57,3.14
-34.48,-7.82,-3.67,-0.84,-32.09,-6.19,-7.14,-1.65,-2.39,-1.63,3.47,0.81,3.72
-34.86,-8.20,-3.70,0.49,-32.25,-6.30,-6.67,-1.36,-2.61,-1.91,2.97,1.85,4.10
-35.40,-9.07,-4.66,-0.26,-32.43,-6.44,-6.43,-1.23,-2.97,-2.64,1.77,0.98,3.72
-33.41,-8.09,-0.62,-0.69,-32.48,-6.52,-5.81,-1.18,-0.93,-1.57,5.19,0.49,5.48
-35.22,-4.85,1.61,-0.03,-32.61,-6.44,-5.07,-1.06,-2.62,1.59,6.68,1.03,10.03
-35.85,-4.87,-1.26,3.53,-32.77,-6.38,-2.15,2.46,-3.09,1.51,0.89,1.07,2.35
-34.57,-6.48,-3.46,3.74,-32.85,-6.37,-2.72,3.02,-1.72,-0.11,-0.74,0.72,0.69
-34.95,-6.97,-2.66,1.45,-32.95,-6.39,-2.71,2.54,-2.01,-0.58,0.05,-1.09,1.00
-34.51,-8.11,-1.85,0.76,-33.01,-6.45,-2.51,2.12,-1.49,-1.66,0.66,-1.36,1.31
-34.26,-7.49,2.74,-2.08,-33.06,-6.49,-1.52,1.33,-1.21,-1.00,4.27,-3.40,5.31
-35.35,-5.51,2.82,-2.63,-33.13,-6.46,-0.83,0.69,-2.22,0.95,3.65,-3.32,5.22
-36.03,-5.49,-4.01,-0.12,-33.24,-6.43,-3.28,0.07,-2.80,0.93,-0.73,-0.19,1.70
-34.17,-6.74,-3.68,-0.61,-33.28,-6.44,-3.46,-0.23,-0.88,-0.30,-0.23,-0.38,0.19
-34.47,-6.83,-0.46,-2.58,-33.33,-6.46,-2.55,-0.94,-1.15,-0.38,2.09,-1.64,1.26
-34.06,-6.38,4.85,-0.92,-33.34,-6.46,-0.83,-0.94,-0.73,0.08,5.68,0.02,5.06
-35.71,-6.77,5.23,-0.66,-33.39,-6.47,0.32,-0.89,-2.31,-0.30,4.91,0.23,4.98
-35.68,-7.70,0.59,-0.72,-33.46,-6.51,0.36,-0.86,-2.22,-1.19,0.23,0.14,1.24
-34.14,-7.32,2.97,-2.05,-33.47,-6.54,0.72,-1.03,-0.67,-0.78,2.25,-1.02,1.26
-35.53,-7.61,1.95,0.35,-33.52,-6.57,0.86,-0.86,-2.00,-1.04,1.09,1.22,1.46
-34.66,-8.08,0.13,1.54,-33.55,-6.61,0.78,-0.61,-1.11,-1.48,-0.65,2.15,1.56
-34.44,-7.15,3.48,-0.20,-33.56,-6.62,1.04,-0.57,-0.87,-0.53,2.44,0.37,1.30
-34.44,-4.73,4.87,-0.02,-33.57,-6.57,1.38,-0.51,-0.87,1.84,3.49,0.50,3.07
-35.47,-4.79,3.77,1.31,-33.60,-6.52,1.57,-0.36,-1.87,1.74,2.20,1.67,2.67
-34.54,-6.61,0.94,3.34,-33.62,-6.52,1.52,-0.08,-0.92,-0.09,-0.57,3.42,2.39
-32.56,-7.73,7.74,1.79,-33.57,-6.54,1.96,0.05,1.02,-1.19,5.78,1.74,7.25
-34.05,-7.13,10.27,1.60,-33.55,-6.55,2.52,0.15,-0.50,-0.58,7.75,1.45,11.70
-32.01,-5.85,14.28,2.99,-33.50,-6.53,11.53,2.33,1.49,0.68,2.75,0.66,0.90
-32.28,-3.95,20.44,8.52,-33.41,-6.45,15.40,5.02,1.13,2.50,5.03,3.49,5.70
-30.75,-3.11,29.58,9.86,-33.28,-6.35,26.53,8.82,2.53,3.25,3.06,1.04,3.76
-29.37,-1.13,49.22,11.30,-33.04,-6.20,36.53,9.92,3.67,5.07,12.69,1.37,25.84
-30.47,-4.70,64.88,9.79,-32.82,-6.13,58.77,9.82,2.35,1.43,6.11,-0.03,3.08
-30.82,-10.71,66.03,3.66,-32.53,-6.20,61.97,7.10,1.71,-4.51,4.05,-3.43,7.68
-26.36,-5.53,72.45,-7.28,-32.15,-6.17,70.20,-4.18,5.80,0.64,2.25,-3.10,7.29
-25.33,1.49,93.19,-3.24,-31.66,-5.94,93.18,-3.24,6.33,7.43,0.01,0.00,18.44
-26.45,2.68,98.65,5.11,-26.80,2.06,98.65,5.11,0.35,0.62,0.00,0.00,0.01
-23.69,-4.31,107.00,23.56,-25.09,-1.02,107.00,23.55,1.40,-3.29,0.00,0.01,1.32
-19.79,-10.42,115.09,7.45,-23.07,-4.03,113.54,10.54,3.28,-6.38,1.55,-3.09,7.39
-20.04,-7.80,111.80,-3.05,-21.96,-4.96,111.80,-3.05,1.92,-2.85,-0.00,-0.00,1.76
-20.40,-2.53,92.09,1.66,-21.30,-4.47,95.88,0.76,0.90,1.95,-3.79,0.90,1.32
-19.38,-2.37,65.32,9.73,-20.71,-4.10,82.20,4.78,1.33,1.73,-16.88,4.95,34.96
-13.38,-7.80,63.57,11.63,-19.39,-4.61,67.58,10.16,6.01,-3.19,-4.01,1.48,8.72
-9.72,-6.38,82.33,-1.47,-17.84,-4.82,82.33,-1.46,8.12,-1.56,0.00,-0.00,11.82
-8.65,-2.37,91.77,-7.44,-9.29,-2.54,91.77,-7.44,0.64,0.18,0.00,-0.00,0.01
-10.03,-4.16,93.34,-14.43,-9.46,-3.34,93.34,-14.43,-0.57,-0.82,0.00,-0.00,0.10
-8.29,-6.66,86.50,-15.77,-8.83,-4.47,87.81,-15.51,0.54,-2.20,-1.32,-0.26,0.76
-5.29,-5.18,72.71,-5.24,-7.72,-4.67,81.06,-10.91,2.42,-0.51,-8.34,5.68,12.19
-1.00,0.63,72.27,2.78,-6.14,-3.65,74.16,-0.16,5.14,4.28,-1.89,2.94,7.70
-1.76,-0.50,79.77,14.46,-5.13,-3.11,79.76,14.45,3.37,2.61,0.00,0.00,3.00
-1.02,-9.69,64.47,15.40,-4.26,-4.03,67.41,15.22,3.24,-5.66,-2.94,0.19,7.59
0.52,-8.94,50.79,2.64,-3.37,-4.66,50.79,2.65,3.88,-4.28,-0.01,-0.00,5.76
3.74,-3.44,49.37,-0.24,3.25,-3.53,49.37,-0.24,0.50,0.09,0.00,-0.00,0.00
4.85,-2.35,47.90,-3.98,4.12,-2.96,47.90,-3.98,0.72,0.61,-0.00,-0.00,0.09
5.01,-1.59,28.59,-1.22,4.53,-2.52,32.31,-1.75,0.48,0.93,-3.71,0.53,0.69
4.34,-2.18,3.14,-0.27,4.54,-2.44,19.24,-1.09,-0.20,0.26,-16.11,0.82,28.73
3.41,-4.37,-5.49,-2.11,4.36,-2.82,-0.17,-1.89,-0.95,-1.54,-5.32,-0.22,1.75
3.96,-5.30,2.13,2.23,4.30,-3.23,0.85,-0.08,-0.34,-2.07,1.29,2.31,1.52
4.47,-3.90,13.55,-3.69,4.35,-3.33,4.73,-1.19,0.12,-0.57,8.82,-2.51,11.73
4.51,-0.74,7.06,-7.63,4.39,-3.03,5.28,-2.70,0.12,2.28,1.78,-4.93,5.13
2.29,-3.62,-4.60,-3.74,4.17,-3.10,-2.37,-3.51,-1.88,-0.51,-2.23,-0.23,0.90
4.06,-7.44,3.99,-5.69,4.17,-3.55,0.41,-4.47,-0.11,-3.89,3.58,-1.22,4.34
3.54,-5.47,11.66,-5.34,4.14,-3.74,3.83,-4.74,-0.59,-1.72,7.83,-0.60,9.18
5.69,-2.07,8.64,-0.29,4.29,-3.61,4.97,-3.69,1.40,1.54,3.67,3.40,4.61
5.04,-3.14,4.85,-5.15,4.37,-3.59,4.95,-3.97,0.67,0.45,-0.10,-1.18,0.35
5.41,-5.26,2.73,-6.11,4.45,-3.73,4.59,-4.31,0.96,-1.53,-1.87,-1.79,1.73
3.36,-6.10,2.51,-0.75,4.39,-3.90,4.30,-3.83,-1.03,-2.20,-1.79,3.08,3.30
6.03,-4.94,7.22,7.54,4.52,-3.95,4.66,-2.45,1.51,-1.00,2.55,9.99,19.33
5.31,-0.86,13.09,19.97,4.60,-3.72,5.60,0.04,0.71,2.86,7.50,19.93,82.25
4.83,-2.52,4.51,17.40,4.64,-3.64,4.77,13.38,0.19,1.12,-0.25,4.03,1.00
6.22,-6.74,5.35,4.56,4.74,-3.77,5.02,9.53,1.48,-2.97,0.33,-4.97,4.87
6.29,-5.86,10.74,-3.50,4.85,-3.87,6.76,5.58,1.44,-1.99,3.98,-9.07,14.80
7.49,-0.81,12.87,3.53,5.02,-3.71,8.20,5.10,2.47,2.90,4.66,-1.58,6.47
7.52,2.19,4.39,15.42,5.16,-3.41,5.25,13.10,2.36,5.61,-0.86,2.32,7.33
7.15,-2.31,-6.54,15.22,5.29,-3.30,-6.54,15.22,1.86,0.99,-0.00,0.00,0.84
6.85,-5.81,-3.97,8.11,5.35,-3.38,-4.47,9.47,1.50,-2.43,0.49,-1.37,1.63
6.18,-3.77,1.25,1.19,5.38,-3.38,-1.91,5.76,0.79,-0.39,3.15,-4.57,3.55
8.30,-0.08,3.09,-1.40,5.53,-3.22,-0.35,3.55,2.78,3.14,3.45,-4.96,8.39
6.19,-0.08,-9.26,1.73,5.53,-3.07,-2.47,3.13,0.66,2.99,-6.79,-1.40,9.12
6.25,-2.68,-10.81,6.03,5.55,-3.04,-8.93,5.38,0.70,0.36,-1.88,0.65,0.30
5.97,-3.99,-4.37,2.93,5.54,-3.06,-6.94,4.30,0.43,-0.92,2.57,-1.37,1.15
6.03,-3.92,-4.13,1.83,5.54,-3.09,-6.08,3.55,0.49,-0.84,1.95,-1.72,1.12
6.00,-1.93,-0.37,1.69,5.55,-3.03,-4.75,3.12,0.45,1.11,4.38,-1.43,3.52
6.71,-0.74,0.09,2.12,5.59,-2.94,-3.83,2.94,1.12,2.20,3.92,-0.82,3.76
6.00,-1.99,-4.97,4.96,5.59,-2.89,-4.01,3.26,0.41,0.90,-0.96,1.70,0.83
5.30,-3.11,-7.18,10.00,5.55,-2.86,-4.44,4.19,-0.25,-0.25,-2.74,5.81,7.15
5.43,-2.05,0.61,16.29,5.54,-2.78,-3.82,5.68,-0.11,0.73,4.43,10.61,23.28
6.34,0.45,3.05,34.00,5.56,-2.64,1.46,27.45,0.78,3.08,1.59,6.55,4.05
5.52,2.05,-14.22,44.26,5.53,-2.35,-5.37,34.78,-0.01,4.40,-8.85,9.48,22.69
3.74,-0.16,-29.12,54.44,5.44,-2.13,-24.00,50.20,-1.69,1.97,-5.12,4.24,3.21
3.83,-1.46,-12.43,56.66,5.32,-1.90,-18.91,53.05,-1.50,0.44,6.47,3.61,6.63
5.68,3.34,8.53,70.66,5.28,-1.53,2.62,66.87,0.40,4.87,5.91,3.79,6.76
5.29,7.45,-1.73,93.74,5.29,-0.92,-1.73,93.73,0.00,8.36,-0.00,0.01,13.44
5.71,4.92,-20.13,81.85,5.68,4.53,-20.13,81.85,0.03,0.39,-0.00,-0.00,0.00
4.59,6.27,-17.81,80.34,5.11,5.54,-17.81,80.34,-0.52,0.73,0.00,-0.00,0.08
4.40,10.90,-7.29,107.08,4.84,7.52,-9.31,101.94,-0.43,3.38,2.02,5.14,2.73
5.15,15.35,-5.47,130.11,4.89,9.80,-7.59,114.57,0.26,5.55,2.12,15.54,31.77
2.66,13.76,-29.44,127.63,4.41,10.96,-24.74,124.82,-1.76,2.81,-4.70,2.81,3.05
2.73,13.85,-30.72,116.84,4.04,11.84,-27.38,121.31,-1.31,2.02,-3.34,-4.47,4.45
2.44,17.39,-6.81,102.87,3.76,13.00,-21.09,115.68,-1.33,4.39,14.28,-12.81,54.74
3.28,22.33,18.09,144.14,3.72,14.63,-11.84,122.42,-0.44,7.70,29.93,21.72,219.20
5.00,23.25,14.48,140.75,3.83,16.03,8.55,136.62,1.16,7.22,5.93,4.13,11.87
1.62,25.28,-7.61,135.85,3.62,17.53,-7.60,135.85,-2.00,7.75,-0.01,-0.00,11.41
2.11,26.10,-19.06,121.80,2.22,25.52,-19.06,121.80,-0.11,0.58,-0.00,-0.00,0.00
3.62,28.34,-11.27,87.89,2.86,27.14,-11.27,87.90,0.76,1.20,0.00,-0.01,0.21
5.09,37.14,4.96,91.02,3.56,30.64,1.84,90.43,1.52,6.49,3.12,0.59,6.38
4.61,43.31,2.01,122.89,3.83,34.12,2.01,122.88,0.77,9.18,0.00,0.01,12.69
2.59,41.07,-16.52,128.56,2.68,40.61,-16.52,128.56,-0.09,0.46,-0.00,0.00,0.00
4.32,40.08,-17.01,94.49,3.44,40.62,-17.01,94.50,0.88,-0.54,-0.00,-0.01,0.11
3.85,45.93,-5.70,78.90,3.53,42.60,-7.88,81.90,0.32,3.33,2.18,-3.00,2.04
3.14,48.65,-5.13,71.86,3.42,44.32,-6.65,77.42,-0.28,4.33,1.51,-5.55,6.52
3.82,44.69,-3.50,71.40,3.48,44.64,-4.18,72.70,0.34,0.05,0.68,-1.29,0.11
4.12,43.56,4.76,35.89,3.58,44.64,-0.24,56.47,0.53,-1.08,5.00,-20.58,50.40
2.45,49.97,3.32,11.68,3.42,45.56,2.55,21.34,-0.98,4.41,0.77,-9.66,7.55
2.43,49.29,-0.88,5.97,3.30,46.13,-0.87,5.97,-0.87,3.16,-0.00,-0.00,1.86
1.79,47.51,2.01,3.15,3.12,46.31,1.45,3.69,-1.33,1.20,0.56,-0.55,0.59
3.01,47.28,8.65,0.60,3.13,46.42,4.68,2.31,-0.12,0.86,3.97,-1.71,2.20
2.42,49.78,7.84,5.82,3.09,46.76,5.65,3.40,-0.66,3.02,2.19,2.42,3.19
1.12,50.95,-0.69,14.73,2.92,47.16,4.15,6.09,-1.80,3.78,-4.84,8.65,18.16
1.64,46.77,0.13,9.71,2.82,47.16,3.37,6.79,-1.18,-0.40,-3.24,2.92,3.35
1.96,46.76,5.96,0.61,2.78,47.14,3.79,5.79,-0.82,-0.38,2.18,-5.17,5.43
3.21,50.45,9.17,7.94,2.83,47.40,4.55,6.10,0.37,3.05,4.62,1.84,5.99
3.21,51.49,0.74,14.81,2.87,47.69,1.62,12.81,0.34,3.80,-0.88,2.00,2.94
1.09,47.13,-5.62,5.69,2.76,47.69,-1.54,9.70,-1.67,-0.56,-4.08,-4.01,4.27
2.09,47.41,3.05,1.18,2.72,47.69,-0.15,7.11,-0.64,-0.28,3.20,-5.94,6.43
3.08,51.22,9.77,2.06,2.77,47.90,2.18,5.94,0.31,3.32,7.59,-3.88,13.22
3.26,53.14,-3.15,11.74,2.80,48.19,-1.95,10.44,0.46,4.95,-1.20,1.30,4.83
2.94,47.80,-5.09,6.26,2.79,48.21,-3.32,8.61,0.15,-0.41,-1.77,-2.35,1.01
1.98,49.20,1.95,-0.03,2.75,48.26,-1.72,5.98,-0.77,0.94,3.67,-6.01,7.19
2.89,49.84,6.53,-0.15,2.78,48.34,0.22,4.54,0.12,1.50,6.31,-4.70,9.90
3.19,52.93,4.74,3.86,2.80,48.55,3.72,4.02,0.40,4.38,1.02,-0.16,3.75
2.35,52.00,-4.02,6.46,2.78,48.71,0.33,5.09,-0.43,3.28,-4.36,1.36,4.44
2.62,48.83,-4.59,8.18,2.76,48.75,-1.16,6.03,-0.14,0.09,-3.42,2.15,2.28
1.91,49.87,0.12,6.31,2.73,48.81,-0.87,6.10,-0.82,1.06,0.98,0.20,0.50
2.65,51.72,1.69,5.77,2.73,48.94,-0.38,6.05,-0.08,2.78,2.07,-0.28,2.20
2.47,52.02,-2.20,5.34,2.71,49.07,-0.67,5.94,-0.24,2.95,-1.53,-0.60,2.15
2.42,50.51,-5.61,4.82,2.69,49.14,-1.35,5.79,-0.27,1.37,-4.26,-0.97,3.66
1.66,49.13,-0.98,-0.55,2.65,49.14,-1.31,5.03,-0.99,-0.02,0.33,-5.58,5.68
1.88,50.25,4.85,-0.99,2.64,49.18,-0.63,4.37,-0.76,1.07,5.48,-5.36,10.81
1.92,51.74,4.36,-4.69,2.62,49.27,3.20,-2.58,-0.70,2.47,1.16,-2.10,1.55
0.41,52.88,-4.14,-4.84,2.55,49.36,-0.00,-3.56,-2.14,3.52,-4.14,-1.28,5.41
2.04,48.94,0.33,-16.61,2.53,49.33,0.26,-13.80,-0.49,-0.38,0.07,-2.82,0.42
2.23,48.43,7.55,-42.14,2.54,49.19,3.47,-26.28,-0.31,-0.76,4.08,-15.85,30.11
2.48,50.28,9.12,-61.15,2.56,49.09,7.91,-53.63,-0.08,1.20,1.22,-7.51,2.78
1.81,46.59,5.14,-75.91,2.56,48.76,6.69,-63.45,-0.75,-2.18,-1.55,-12.46,18.63
1.97,44.18,11.55,-84.60,2.58,48.38,10.50,-80.04,-0.61,-4.19,1.05,-4.55,4.43
1.86,46.51,17.93,-90.35,2.61,47.99,13.78,-84.59,-0.76,-1.49,4.16,-5.76,6.19
2.59,44.21,15.49,-87.88,2.67,47.57,15.12,-87.17,-0.08,-3.36,0.37,-0.71,2.22
3.31,42.57,13.98,-76.76,2.74,47.13,14.62,-82.60,0.56,-4.56,-0.64,5.83,7.99
3.23,38.58,10.30,-85.48,2.81,46.60,11.23,-84.87,0.42,-8.02,-0.93,-0.61,12.64
3.94,32.87,8.36,-95.95,2.89,45.79,8.36,-95.95,1.05,-12.91,-0.00,-0.00,32.39
4.15,35.42,6.01,-119.22,4.06,36.15,6.01,-119.22,0.09,-0.72,-0.00,-0.00,0.01
4.34,35.01,1.45,-114.38,4.21,35.35,1.45,-114.38,0.13,-0.34,-0.00,0.00,0.01
2.93,31.27,-8.28,-127.15,3.79,33.70,-6.41,-124.69,-0.86,-2.43,-1.87,-2.45,1.26
2.73,21.29,-9.50,-162.46,3.50,30.21,-7.80,-141.62,-0.78,-8.92,-1.71,-20.84,60.24
6.96,20.27,15.35,-196.12,4.17,27.76,10.37,-184.40,2.78,-7.49,4.98,-11.72,17.21
3.42,22.57,13.43,-175.36,4.08,26.25,13.43,-175.36,-0.66,-3.68,0.00,0.00,2.31
1.33,21.18,-13.78,-113.50,3.70,24.94,-8.55,-125.40,-2.37,-3.77,-5.23,11.90,9.88
2.91,9.15,-4.22,-117.47,3.56,22.32,-4.22,-117.47,-0.65,-13.18,0.00,0.00,29.98
3.89,4.98,16.54,-141.98,3.86,6.19,16.54,-141.98,0.02,-1.21,0.00,-0.00,0.02
4.40,10.97,23.89,-115.50,4.16,8.21,23.89,-115.50,0.24,2.76,0.00,0.01,0.79
2.69,15.77,7.00,-68.40,3.73,10.39,10.25,-77.45,-1.05,5.37,-3.25,9.06,7.58
2.20,3.59,-13.72,-34.29,3.38,8.44,-13.71,-34.30,-1.17,-4.85,-0.01,0.01,3.72
4.58,-2.84,4.06,-47.39,3.59,6.04,0.64,-44.88,0.99,-8.88,3.42,-2.51,13.43
4.78,-1.52,19.17,-63.95,3.80,4.55,19.16,-63.95,0.98,-6.07,0.01,-0.01,6.22
7.09,3.17,15.00,-60.72,6.86,3.25,15.00,-60.72,0.23,-0.08,-0.00,0.00,0.00
2.97,3.02,-7.20,-35.91,5.01,3.01,-7.19,-35.92,-2.03,0.01,-0.01,0.01,0.43
2.85,-4.52,-14.48,-18.12,4.28,0.46,-13.08,-21.55,-1.43,-4.99,-1.40,3.43,4.15
5.32,-5.33,3.93,-31.33,4.52,-1.04,-5.46,-25.94,0.80,-4.29,9.39,-5.39,15.81
5.97,-1.12,3.95,-37.89,4.80,-1.15,1.93,-35.32,1.18,0.03,2.02,-2.57,0.68
3.63,2.63,-11.65,-17.88,4.59,-0.61,-4.06,-27.63,-0.96,3.24,-7.59,9.75,18.96
1.50,-2.03,-23.91,0.69,4.12,-0.89,-19.64,-5.41,-2.62,-1.14,-4.28,6.10,3.80
2.79,-3.36,-4.83,-4.64,3.92,-1.22,-13.12,-5.08,-1.13,-2.15,8.29,0.44,8.74
1.71,-0.73,1.46,-5.95,3.64,-1.18,-1.68,-5.77,-1.93,0.46,3.14,-0.19,1.13
2.68,0.63,-7.30,1.62,3.52,-1.01,-4.16,-2.51,-0.84,1.64,-3.14,4.13,3.61
2.46,-0.54,-8.94,-2.56,3.40,-0.97,-5.62,-2.52,-0.95,0.44,-3.31,-0.04,1.72
1.55,-1.51,-6.69,0.46,3.22,-1.02,-5.88,-1.83,-1.67,-0.49,-0.81,2.29,1.46
2.24,-2.47,-0.02,0.27,3.14,-1.13,-4.77,-1.43,-0.91,-1.33,4.75,1.71,4.61
1.78,-2.35,1.69,1.69,3.04,-1.22,-3.74,-0.94,-1.26,-1.14,5.43,2.63,6.67
2.46,-2.73,0.27,-1.08,3.00,-1.32,-3.18,-0.96,-0.55,-1.41,3.45,-0.12,2.48
2.48,-1.85,-1.09,0.41,2.96,-1.35,-2.93,-0.79,-0.49,-0.49,1.84,1.21,0.94
2.58,-2.39,-0.74,2.34,2.93,-1.41,-2.69,-0.45,-0.36,-0.98,1.95,2.79,2.27
3.28,-2.81,0.38,2.44,2.95,-1.48,-2.39,-0.17,0.33,-1.33,2.76,2.62,2.97
3.15,-2.74,1.22,0.41,2.96,-1.55,-2.06,-0.12,0.19,-1.19,3.28,0.54,2.29
2.09,-4.79,-3.38,0.90,2.91,-1.71,-2.17,-0.05,-0.82,-3.08,-1.21,0.95,2.37
2.98,-3.26,-0.63,-0.96,2.91,-1.78,-2.06,-0.12,0.08,-1.48,1.42,-0.84,0.92
2.94,-0.43,1.31,-1.08,2.91,-1.72,-1.82,-0.19,0.03,1.30,3.13,-0.90,2.29
2.79,-0.98,-2.28,1.21,2.90,-1.69,-1.85,-0.09,-0.11,0.71,-0.43,1.30,0.45
3.37,-3.42,-6.16,-0.17,2.90,-1.76,-2.11,-0.10,0.47,-1.66,-4.04,-0.07,3.64
1.64,-2.02,-6.66,-0.87,2.83,-1.77,-2.38,-0.15,-1.18,-0.25,-4.28,-0.72,3.82
1.87,-2.10,-3.68,-3.15,2.78,-1.79,-2.46,-0.31,-0.91,-0.30,-1.23,-2.83,1.98
1.87,-5.78,3.05,-26.37,2.75,-2.01,-2.17,-1.68,-0.88,-3.77,5.22,-24.68,123.46
2.37,-2.72,10.67,-26.12,2.76,-2.10,-1.50,-2.97,-0.39,-0.63,12.16,-23.16,129.74
2.21,-2.24,9.64,-31.77,2.74,-2.13,7.02,-25.00,-0.53,-0.11,2.62,-6.77,2.54
2.09,-5.23,5.05,-42.58,2.74,-2.37,6.16,-32.64,-0.65,-2.86,-1.12,-9.94,12.95
3.20,-5.07,9.28,-54.41,2.78,-2.60,8.61,-49.72,0.42,-2.47,0.67,-4.70,2.18
3.06,-4.44,12.35,-56.37,2.83,-2.86,10.25,-52.65,0.23,-1.57,2.09,-3.72,2.52
3.59,-6.72,12.21,-55.21,2.90,-3.19,10.85,-53.44,0.69,-3.53,1.35,-1.77,3.19
4.09,-12.36,14.42,-78.87,2.99,-3.74,11.69,-59.42,1.10,-8.62,2.73,-19.45,73.53
4.63,-9.62,15.22,-81.63,3.09,-4.21,12.37,-63.70,1.54,-5.41,2.84,-17.93,59.32
5.02,-13.41,12.61,-84.41,3.19,-4.73,12.55,-79.70,1.83,-8.68,0.05,-4.71,16.31
6.16,-14.69,17.06,-91.44,3.36,-5.43,17.06,-91.43,2.80,-9.26,0.00,-0.00,17.99
6.22,-13.23,12.64,-76.84,6.02,-12.70,12.64,-76.84,0.20,-0.54,-0.00,0.00,0.00
5.62,-16.86,7.61,-69.42,5.85,-14.87,7.61,-69.42,-0.23,-1.99,-0.00,0.00,0.41
6.40,-21.81,5.86,-87.77,6.05,-17.33,6.20,-84.25,0.35,-4.48,-0.34,-3.53,3.19
5.75,-21.23,-2.28,-79.88,5.98,-18.54,2.40,-82.30,-0.24,-2.69,-4.68,2.42,4.17
7.54,-22.99,0.59,-81.59,6.29,-19.68,1.84,-82.08,1.25,-3.31,-1.25,0.50,2.26
6.24,-26.48,2.79,-97.94,6.29,-21.11,2.07,-85.84,-0.05,-5.37,0.72,-12.10,27.20
6.87,-26.72,0.99,-108.38,6.38,-22.24,1.86,-90.21,0.49,-4.47,-0.87,-18.17,56.84
6.14,-27.01,-7.72,-85.71,6.35,-23.15,-5.54,-86.74,-0.21,-3.86,-2.18,1.03,2.88
6.33,-28.79,-8.88,-66.34,6.32,-24.04,-6.99,-77.83,0.01,-4.75,-1.88,11.50,19.34
6.03,-31.71,-6.95,-72.55,6.27,-25.08,-6.96,-73.69,-0.24,-6.63,0.01,1.14,7.98
5.03,-33.66,-12.02,-72.38,6.12,-26.21,-12.02,-72.38,-1.09,-7.45,-0.00,0.00,10.19
5.06,-35.00,-8.16,-81.11,5.13,-34.39,-8.16,-81.11,-0.07,-0.61,0.00,0.00,0.01
6.00,-36.43,2.74,-101.02,5.54,-35.55,2.74,-101.02,0.47,-0.89,0.00,-0.01,0.10
4.81,-36.38,1.43,-62.34,5.31,-36.07,1.68,-69.78,-0.50,-0.31,-0.25,7.44,2.18
2.86,-39.56,-6.42,-48.17,4.70,-37.10,-1.95,-60.10,-1.84,-2.45,-4.47,11.94,19.37
3.77,-42.34,-5.56,-61.25,4.51,-38.33,-4.79,-61.01,-0.74,-4.01,-0.78,-0.24,2.69
4.42,-41.06,-3.49,-47.88,4.48,-38.96,-4.21,-55.23,-0.06,-2.10,0.73,7.35,6.84
5.20,-39.60,-2.77,-27.08,4.57,-39.22,-3.08,-33.15,0.63,-0.37,0.31,6.06,1.68
4.05,-42.18,-1.87,-17.50,4.49,-39.68,-2.55,-26.26,-0.44,-2.50,0.68,8.76,9.78
4.21,-45.50,0.62,-21.27,4.46,-40.41,-0.06,-22.35,-0.24,-5.09,0.68,1.08,4.69
3.63,-44.58,-0.30,-18.69,4.37,-40.90,-0.17,-20.74,-0.75,-3.68,-0.13,2.05,3.02
4.92,-44.50,1.20,-19.79,4.43,-41.30,0.25,-20.46,0.50,-3.20,0.95,0.67,2.10
4.81,-45.59,3.43,-34.47,4.47,-41.76,1.00,-23.75,0.34,-3.83,2.43,-10.72,21.18
3.81,-46.77,-1.49,-31.19,4.41,-42.25,0.52,-25.19,-0.60,-4.52,-2.01,-6.00,10.28
4.63,-46.17,-1.09,-19.10,4.43,-42.62,-0.72,-20.49,0.20,-3.55,-0.37,1.39,2.44
4.90,-43.88,2.24,-4.08,4.46,-42.75,0.57,-13.32,0.44,-1.13,1.67,9.25,10.23
4.84,-46.22,1.78,7.18,4.49,-43.00,1.52,2.75,0.35,-3.22,0.26,4.42,2.82
3.45,-48.58,-1.96,-4.96,4.43,-43.33,-0.01,-0.66,-0.98,-5.25,-1.94,-4.30,7.84
3.13,-47.96,-5.75,-7.27,4.35,-43.60,-4.51,-5.85,-1.22,-4.37,-1.23,-1.42,4.03
3.78,-45.78,-1.06,-11.60,4.31,-43.75,-2.99,-8.39,-0.54,-2.04,1.93,-3.22,2.41
4.70,-45.02,2.91,-6.38,4.33,-43.84,-1.19,-7.78,0.37,-1.18,4.10,1.40,2.89
4.47,-46.34,1.61,-11.98,4.34,-44.00,-0.53,-8.77,0.13,-2.35,2.14,-3.22,3.33
3.21,-48.81,-2.75,-4.98,4.28,-44.24,-0.95,-8.06,-1.07,-4.57,-1.80,3.09,6.28
3.90,-48.71,2.68,-17.66,4.27,-44.49,-0.37,-9.63,-0.38,-4.22,3.05,-8.04,15.77
4.06,-48.06,4.83,-17.86,4.27,-44.68,3.64,-15.98,-0.21,-3.38,1.19,-1.88,2.42
4.06,-47.90,0.06,-4.93,4.27,-44.85,2.08,-11.16,-0.20,-3.05,-2.02,6.23,6.65
3.80,-49.01,-1.01,-7.28,4.25,-45.05,-0.35,-8.12,-0.46,-3.95,-0.67,0.84,3.10
3.78,-49.84,1.05,-9.66,4.24,-45.26,0.27,-8.81,-0.46,-4.58,0.78,-0.85,4.22
4.76,-48.52,2.80,-2.75,4.26,-45.40,1.04,-6.97,0.50,-3.12,1.76,4.22,4.84
4.36,-48.23,1.05,10.61,4.27,-45.47,1.05,-2.86,0.09,-2.76,0.00,13.47,29.29
4.66,-49.11,-1.15,-4.56,4.28,-45.61,0.63,-3.20,0.38,-3.50,-1.78,-1.37,3.20
3.81,-49.11,-0.94,-11.27,4.26,-45.76,0.37,-4.51,-0.46,-3.35,-1.31,-6.76,10.15
3.54,-48.54,-0.84,0.14,4.24,-45.85,0.20,-3.86,-0.70,-2.69,-1.04,4.00,4.44
4.25,-47.43,3.51,5.16,4.25,-45.89,0.61,-2.75,-0.00,-1.54,2.90,7.91,12.91
3.77,-50.23,3.64,-1.44,4.25,-46.02,0.95,-2.61,-0.48,-4.21,2.70,1.18,5.02
4.01,-50.19,3.02,2.00,4.25,-46.15,2.54,0.93,-0.24,-4.04,0.48,1.07,3.25
4.03,-49.96,1.57,0.46,4.25,-46.25,2.11,0.71,-0.22,-3.71,-0.55,-0.26,2.73
4.72,-48.02,1.90,11.69,4.27,-46.27,2.05,4.04,0.45,-1.75,-0.15,7.65,8.82
4.05,-46.65,2.16,33.82,4.27,-46.18,2.08,11.03,-0.23,-0.47,0.09,22.79,79.58
4.32,-47.49,6.44,41.42,4.28,-46.14,5.45,34.56,0.04,-1.34,0.98,6.86,2.52
4.32,-47.67,11.23,30.38,4.32,-46.06,7.98,32.73,0.01,-1.61,3.25,-2.35,2.31
4.03,-45.92,3.99,40.55,4.33,-45.90,6.77,35.11,-0.30,-0.01,-2.77,5.44,5.20
4.20,-44.34,4.15,50.72,4.35,-45.68,6.15,38.79,-0.15,1.34,-2.00,11.93,22.73
4.13,-43.22,8.87,55.08,4.37,-45.46,8.25,51.41,-0.24,2.24,0.61,3.67,1.62
3.56,-44.27,8.61,53.65,4.38,-45.23,8.41,52.39,-0.83,0.95,0.20,1.26,0.49
3.89,-42.30,4.04,63.54,4.39,-44.93,7.08,55.79,-0.51,2.63,-3.03,7.75,11.01
3.91,-37.99,1.16,77.36,4.39,-44.49,5.68,60.88,-0.48,6.50,-4.53,16.47,52.84
3.93,-37.08,5.09,85.28,4.41,-44.08,5.23,79.79,-0.47,7.00,-0.13,5.49,10.97
3.47,-37.53,8.90,75.37,4.39,-43.55,8.89,75.38,-0.92,6.02,0.00,-0.00,7.17
3.10,-36.61,6.91,76.90,3.19,-37.09,6.91,76.90,-0.10,0.48,-0.00,0.00,0.00
4.45,-33.66,10.94,94.75,3.82,-35.27,10.94,94.74,0.63,1.61,0.00,0.01,0.31
4.54,-34.01,9.28,104.72,4.08,-34.60,9.60,102.80,0.45,0.59,-0.32,1.92,0.22
5.29,-31.02,6.62,117.33,4.40,-33.39,8.27,109.31,0.89,2.36,-1.65,8.02,8.35
5.58,-31.54,10.10,86.29,4.66,-32.69,9.71,91.24,0.92,1.14,0.39,-4.95,1.41
5.22,-30.15,1.55,89.86,4.77,-31.97,6.11,90.64,0.45,1.81,-4.56,-0.78,2.98
5.83,-24.93,-7.56,98.76,4.92,-30.64,1.93,93.14,0.92,5.71,-9.49,5.63,22.63
5.98,-20.92,-4.17,102.78,5.04,-29.09,0.49,95.44,0.94,8.17,-4.67,7.34,23.37
6.21,-19.89,10.25,94.08,5.18,-27.73,8.05,94.39,1.03,7.84,2.20,-0.31,11.36
6.71,-21.13,9.84,87.60,5.37,-26.67,9.84,87.61,1.33,5.54,0.00,-0.00,5.78
7.05,-18.90,7.12,82.21,6.93,-19.44,7.12,82.21,0.12,0.53,-0.00,0.00,0.00
7.13,-14.27,2.53,66.63,7.04,-16.76,2.53,66.63,0.09,2.50,-0.00,-0.00,0.64
7.03,-6.70,-6.88,90.75,7.04,-13.28,-5.07,86.11,-0.01,6.59,-1.81,4.63,6.79
5.30,-7.35,-17.29,92.06,6.58,-11.52,-17.28,92.06,-1.29,4.17,-0.00,0.00,2.85
6.00,-9.69,-13.96,73.57,6.41,-10.87,-14.60,77.13,-0.41,1.18,0.64,-3.56,0.75
6.17,-6.52,-1.84,75.53,6.34,-9.88,-8.88,76.42,-0.18,3.37,7.05,-0.89,7.47
6.20,-4.34,-3.67,72.11,6.30,-8.83,-4.79,73.04,-0.10,4.48,1.12,-0.93,3.54
5.57,-2.83,-10.04,60.09,6.18,-7.84,-7.10,67.34,-0.61,5.02,-2.93,-7.25,11.33
6.41,-3.01,-8.02,53.16,6.18,-7.07,-7.82,56.22,0.23,4.06,-0.20,-3.06,3.35
5.92,-2.56,-3.10,36.95,6.13,-6.45,-5.74,47.74,-0.21,3.89,2.64,-10.79,16.56
4.61,-1.21,-6.45,31.25,5.97,-5.81,-6.30,34.81,-1.37,4.60,-0.15,-3.56,4.73
4.16,-0.93,-10.80,33.80,5.79,-5.28,-8.28,34.37,-1.63,4.34,-2.51,-0.57,4.68
3.91,-1.29,-12.55,29.56,5.60,-4.85,-9.59,32.91,-1.69,3.57,-2.96,-3.35,5.66
2.38,-3.08,-16.10,26.87,5.32,-4.62,-11.14,31.49,-2.94,1.54,-4.96,-4.62,9.06
2.49,-4.54,-11.13,10.75,5.09,-4.51,-11.14,15.42,-2.59,-0.02,0.00,-4.68,2.24
1.93,-2.51,-6.30,-1.97,4.86,-4.36,-9.03,7.82,-2.92,1.86,2.73,-9.79,13.89
3.30,-1.10,1.12,5.48,4.74,-4.14,-1.07,5.99,-1.44,3.04,2.19,-0.51,2.35
0.66,-2.28,-3.24,13.77,4.50,-4.00,-2.03,9.42,-3.85,1.72,-1.21,4.35,5.62
2.15,0.27,-1.58,13.15,4.37,-3.74,-1.68,12.35,-2.22,4.01,0.10,0.80,4.01
3.55,5.09,9.96,20.26,4.35,-3.23,3.45,15.85,-0.80,8.32,6.51,4.41,20.16
5.05,7.50,11.77,25.74,4.40,-2.65,9.97,23.62,0.65,10.15,1.79,2.12,20.02
4.60,3.05,1.14,14.15,4.45,-2.23,1.14,14.16,0.15,5.28,-0.00,-0.00,5.27
5.73,1.58,2.91,9.31,5.64,1.31,2.91,9.31,0.09,0.27,0.00,-0.00,0.00
5.10,2.12,2.53,2.69,5.38,1.72,2.53,2.69,-0.29,0.40,-0.00,-0.00,0.02
4.96,1.63,2.67,-6.96,5.25,1.70,2.64,-5.11,-0.29,-0.06,0.03,-1.86,0.14
4.46,1.68,-0.88,-12.08,5.06,1.67,1.06,-8.23,-0.59,0.01,-1.94,-3.85,2.10
3.70,0.08,-1.26,-12.49,4.79,1.32,0.34,-9.55,-1.09,-1.24,-1.60,-2.94,1.98
2.59,-0.58,-1.46,-13.56,4.42,0.96,-0.09,-10.50,-1.84,-1.55,-1.37,-3.06,2.67
2.69,0.17,0.97,-13.25,4.18,0.81,0.11,-11.03,-1.49,-0.64,0.86,-2.23,1.37
6.11,1.29,6.82,-6.58,4.43,0.84,1.19,-10.31,1.67,0.44,5.63,3.73,8.17
4.94,3.33,0.27,0.29,4.49,1.10,1.06,-8.82,0.45,2.23,-0.79,9.11,15.26
3.54,-0.18,-8.80,-3.63,4.40,0.94,-6.53,-4.83,-0.85,-1.12,-2.27,1.19,0.66
4.03,-1.26,-1.68,-11.73,4.35,0.71,-4.42,-7.84,-0.32,-1.97,2.73,-3.89,3.27
3.88,-1.50,1.51,-14.08,4.31,0.49,-2.62,-9.74,-0.42,-1.99,4.13,-4.34,5.74
3.92,-0.59,-0.08,-4.81,4.27,0.38,-2.02,-8.58,-0.35,-0.97,1.94,3.77,2.96
6.29,0.57,9.05,-0.15,4.44,0.38,0.09,-6.98,1.85,0.19,8.96,6.83,21.19
4.94,1.03,4.88,0.06,4.49,0.42,0.86,-5.84,0.45,0.61,4.02,5.90,8.64
4.43,0.33,-2.17,-0.84,4.48,0.40,-1.48,-1.99,-0.06,-0.06,-0.70,1.15,0.08
2.79,2.97,-1.10,-2.56,4.38,0.54,-1.32,-2.23,-1.59,2.43,0.21,-0.33,1.60
4.25,0.28,5.63,-6.24,4.38,0.51,0.79,-3.45,-0.13,-0.23,4.84,-2.79,4.36
5.09,-1.26,4.88,-6.05,4.43,0.39,1.75,-4.06,0.66,-1.65,3.13,-1.98,2.71
4.96,-2.90,4.68,-6.00,4.48,0.21,2.30,-4.44,0.48,-3.11,2.38,-1.56,3.19
5.42,-2.24,5.32,-9.89,4.54,0.06,2.79,-5.31,0.88,-2.30,2.54,-4.58,5.75
5.68,-1.76,3.72,-13.13,4.60,-0.07,2.92,-6.41,1.08,-1.69,0.80,-6.72,8.64
5.70,2.95,0.27,-4.82,4.66,0.04,0.88,-5.19,1.04,2.91,-0.61,0.36,1.85
4.41,0.72,-0.01,-6.89,4.65,0.05,0.49,-5.93,-0.24,0.67,-0.50,-0.96,0.23
4.71,-5.38,-4.08,-11.66,4.64,-0.21,-0.89,-7.68,0.07,-5.17,-3.19,-3.98,8.74
5.80,-2.78,1.40,-16.08,4.69,-0.36,-0.35,-9.66,1.10,-2.42,1.75,-6.42,8.11
5.58,-2.88,1.32,3.24,4.72,-0.48,0.95,0.33,0.86,-2.40,0.38,2.91,1.64
4.06,-12.45,3.67,-2.92,4.71,-0.91,2.14,-1.12,-0.65,-11.54,1.54,-1.80,26.37
3.24,0.45,-4.26,-3.15,4.66,-0.87,-2.89,-2.71,-1.42,1.32,-1.38,-0.44,0.82
4.84,-2.38,2.13,-26.44,4.67,-0.98,-0.67,-13.17,0.17,-1.39,2.81,-13.28,20.96
6.38,-6.50,-15.06,-9.89,4.71,-1.21,-11.96,-10.60,1.67,-5.29,-3.10,0.71,6.40
5.98,0.42,-1.50,-12.49,4.72,-1.18,-1.50,-12.49,1.26,1.60,0.00,-0.00,0.79
4.58,-7.55,-0.39,41.73,4.71,-1.45,-0.60,31.29,-0.13,-6.09,0.22,10.43,11.33
5.50,-7.84,7.38,23.27,4.75,-1.66,7.38,23.27,0.75,-6.17,0.00,-0.00,7.34
4.89,-7.89,21.46,15.74,4.88,-7.43,21.46,15.74,0.01,-0.46,0.00,-0.00,0.00
6.65,1.68,24.28,22.90,5.78,-2.98,24.28,22.90,0.87,4.66,0.00,0.00,2.32