z_0,z_1,z_2,z_3,x_0,x_1,x_2,x_3,y_0,y_1,y_2,y_3,epsilon
-0.98,-5.72,-7.68,-28.82,-0.02,-0.12,-0.70,-2.62,-0.96,-5.59,-6.98,-26.20,67.48
5.37,-4.78,4.98,-34.55,0.08,-0.24,-0.22,-5.28,5.29,-4.54,5.20,-29.27,81.95
0.36,-5.43,0.32,-1.02,0.09,-0.36,-0.18,-4.96,0.27,-5.08,0.50,3.93,1.96
-1.68,-5.71,-0.82,7.91,0.05,-0.46,-0.23,-4.04,-1.73,-5.25,-0.60,11.95,13.89
-2.61,-4.91,-8.89,7.19,-0.01,-0.54,-0.81,-3.29,-2.60,-4.36,-8.08,10.48,16.85
-1.29,-4.09,-13.36,6.09,-0.05,-0.61,-1.59,-2.70,-1.24,-3.48,-11.77,8.80,20.50
-0.67,-4.64,-4.06,10.41,-0.07,-0.67,-1.74,-1.93,-0.60,-3.97,-2.32,12.35,15.18
-1.38,-4.62,-0.43,14.89,-0.10,-0.72,-1.66,-1.00,-1.28,-3.90,1.24,15.89,24.32
-2.18,-2.61,3.40,11.71,-0.13,-0.73,-1.40,-0.33,-2.05,-1.88,4.80,12.04,16.08
-1.15,-2.83,6.09,9.48,-0.14,-0.75,-1.02,0.16,-1.01,-2.08,7.12,9.32,13.18
-0.60,-2.81,1.91,11.48,-0.15,-0.76,-0.88,0.70,-0.45,-2.05,2.79,10.79,11.91
-2.39,-0.28,-5.34,6.84,-0.20,-0.74,-1.09,0.98,-2.20,0.46,-4.26,5.86,5.11
-0.42,-0.10,-2.60,1.74,-0.21,-0.72,-1.15,1.01,-0.21,0.62,-1.44,0.73,0.26
-1.19,-0.07,0.92,1.08,-0.22,-0.71,-1.07,1.01,-0.97,0.64,1.98,0.07,0.40
0.65,-0.15,-3.15,-0.41,-0.22,-0.70,-1.15,0.96,0.87,0.55,-1.99,-1.37,0.58
0.89,-0.55,-2.38,2.34,-0.21,-0.69,-1.20,1.01,1.10,0.14,-1.18,1.33,0.33
0.33,-0.03,-0.14,4.63,-0.20,-0.67,-1.16,1.14,0.53,0.64,1.02,3.48,1.28
-1.06,-1.01,-1.65,7.07,-0.22,-0.66,-1.18,1.35,-0.84,-0.35,-0.47,5.71,3.19
-2.83,0.69,-3.98,4.31,-0.27,-0.63,-1.27,1.46,-2.56,1.31,-2.71,2.85,1.66
-3.02,0.49,-6.21,-0.08,-0.32,-0.61,-1.44,1.41,-2.70,1.10,-4.77,-1.48,2.58
0.18,-0.32,-10.66,1.85,-0.34,-0.60,-1.74,1.42,0.52,0.27,-8.92,0.43,7.72
-1.78,0.06,-14.98,8.41,-0.40,-0.57,-2.15,1.64,-1.38,0.63,-12.83,6.77,20.42
-1.07,-0.07,-4.50,5.08,-0.42,-0.54,-2.22,1.74,-0.64,0.48,-2.28,3.34,1.60
-2.32,-0.73,-1.95,-1.44,-0.46,-0.55,-2.22,1.65,-1.86,-0.19,0.26,-3.09,1.00
-3.24,-0.38,0.98,-6.05,-0.50,-0.56,-2.13,1.43,-2.75,0.18,3.10,-7.48,6.52
-1.77,-1.65,3.11,-1.51,-0.51,-0.57,-1.98,1.35,-1.26,-1.08,5.10,-2.86,3.37
-0.35,-1.11,-1.04,3.80,-0.51,-0.57,-1.96,1.41,0.16,-0.54,0.92,2.39,0.64
0.13,-1.31,-1.22,2.84,-0.51,-0.57,-1.94,1.45,0.64,-0.74,0.71,1.39,0.26
-0.06,-1.58,5.37,1.91,-0.50,-0.57,-1.75,1.46,0.43,-1.00,7.12,0.45,4.99
0.76,-1.44,2.63,1.91,-0.48,-0.58,-1.64,1.47,1.24,-0.86,4.26,0.43,1.84
0.28,-0.77,-4.87,-1.31,-0.48,-0.58,-1.72,1.41,0.76,-0.18,-3.15,-2.72,1.70
0.81,-1.04,-1.62,-0.20,-0.47,-0.59,-1.71,1.37,1.28,-0.45,0.10,-1.57,0.28
0.39,-1.55,-0.11,-2.37,-0.46,-0.60,-1.68,1.28,0.85,-0.95,1.57,-3.65,1.57
-0.89,-1.40,-3.33,-2.17,-0.48,-0.61,-1.71,1.20,-0.41,-0.79,-1.61,-3.37,1.38
-2.30,-1.01,0.72,0.49,-0.50,-0.62,-1.66,1.18,-1.80,-0.39,2.38,-0.70,0.67
-1.85,-0.60,5.10,-1.16,-0.51,-0.62,-1.51,1.13,-1.35,0.01,6.61,-2.29,4.83
-1.20,-1.76,2.58,0.05,-0.51,-0.63,-1.43,1.11,-0.69,-1.13,4.01,-1.06,1.72
-1.11,-0.89,-1.80,3.19,-0.53,-0.62,-1.44,1.15,-0.59,-0.27,-0.37,2.04,0.43
-1.25,-0.02,-2.31,-0.17,-0.54,-0.61,-1.45,1.13,-0.71,0.60,-0.85,-1.29,0.25
-1.06,0.00,1.82,0.31,-0.54,-0.60,-1.39,1.11,-0.51,0.60,3.21,-0.81,1.08
-0.45,0.08,-0.72,-0.31,-0.55,-0.60,-1.38,1.08,0.10,0.68,0.66,-1.39,0.24
-0.19,-0.40,1.27,0.82,-0.54,-0.59,-1.32,1.08,0.35,0.19,2.59,-0.25,0.67
0.73,-1.42,-1.05,2.00,-0.53,-0.59,-1.32,1.10,1.27,-0.83,0.27,0.90,0.13
0.54,-0.59,-2.72,1.25,-0.53,-0.59,-1.34,1.10,1.07,-0.00,-1.37,0.15,0.21
-0.44,-0.21,-0.98,0.82,-0.53,-0.58,-1.34,1.09,0.09,0.37,0.36,-0.27,0.02
0.03,-0.50,-0.72,-1.77,-0.53,-0.58,-1.33,1.04,0.56,0.09,0.61,-2.81,0.82
0.08,-0.11,-3.36,-2.60,-0.54,-0.58,-1.36,0.98,0.62,0.47,-2.00,-3.57,1.66
0.60,-0.62,-1.83,-1.94,-0.53,-0.59,-1.37,0.93,1.13,-0.03,-0.46,-2.87,0.85
0.53,-1.31,-0.29,-1.76,-0.52,-0.60,-1.35,0.88,1.05,-0.71,1.06,-2.64,0.83
0.55,-1.74,-5.02,-0.08,-0.53,-0.61,-1.41,0.87,1.08,-1.14,-3.61,-0.94,1.42
0.05,-1.53,-4.55,1.28,-0.53,-0.61,-1.46,0.87,0.58,-0.92,-3.09,0.41,0.98
0.84,-2.00,-3.01,4.09,-0.53,-0.61,-1.49,0.92,1.37,-1.39,-1.52,3.17,1.29
0.27,-1.18,-3.73,2.05,-0.53,-0.61,-1.52,0.94,0.81,-0.57,-2.20,1.10,0.62
0.41,-1.59,-0.11,-0.20,-0.53,-0.62,-1.50,0.92,0.94,-0.97,1.39,-1.12,0.35
0.82,-1.80,-0.27,2.93,-0.52,-0.62,-1.48,0.95,1.34,-1.17,1.20,1.98,0.59
-1.42,-1.00,-3.42,4.27,-0.54,-0.62,-1.51,1.00,-0.89,-0.39,-1.91,3.27,1.43
-1.07,-0.60,-3.42,1.76,-0.55,-0.61,-1.54,1.01,-0.52,0.01,-1.88,0.74,0.41
-0.38,-0.78,-1.79,-2.06,-0.56,-0.61,-1.54,0.97,0.17,-0.17,-0.24,-3.03,0.91
0.62,-1.09,0.55,-1.16,-0.55,-0.62,-1.51,0.94,1.16,-0.47,2.06,-2.10,0.88
-0.03,-1.20,1.48,3.16,-0.54,-0.62,-1.47,0.97,0.51,-0.59,2.95,2.19,1.34
1.15,-1.23,3.30,2.49,-0.52,-0.61,-1.40,0.99,1.67,-0.62,4.70,1.50,2.46
0.74,0.07,1.10,0.29,-0.51,-0.61,-1.36,0.98,1.25,0.67,2.46,-0.69,0.69
2.13,0.34,1.54,-3.22,-0.48,-0.60,-1.32,0.92,2.62,0.95,2.87,-4.15,2.66
1.72,-0.34,-0.63,-4.08,-0.47,-0.61,-1.31,0.86,2.18,0.27,0.69,-4.93,2.54
0.78,-1.21,1.48,-2.85,-0.45,-0.62,-1.27,0.81,1.23,-0.59,2.76,-3.66,2.11
0.45,-1.49,0.99,0.52,-0.44,-0.63,-1.24,0.80,0.90,-0.87,2.24,-0.28,0.53
0.67,-0.80,-2.63,2.02,-0.44,-0.62,-1.26,0.82,1.11,-0.18,-1.36,1.20,0.35
1.92,-0.25,-5.31,2.20,-0.44,-0.61,-1.31,0.84,2.36,0.36,-4.00,1.36,1.88
3.23,0.22,-7.01,0.35,-0.43,-0.60,-1.38,0.83,3.66,0.82,-5.62,-0.48,3.43
1.61,-0.74,-6.89,-1.45,-0.43,-0.61,-1.45,0.80,2.04,-0.13,-5.43,-2.25,3.50
0.94,-0.59,-1.73,-1.74,-0.42,-0.61,-1.45,0.77,1.36,0.02,-0.27,-2.51,0.67
0.49,-1.00,-1.69,-2.78,-0.42,-0.62,-1.46,0.73,0.91,-0.38,-0.24,-3.51,1.24
0.59,-1.16,-1.95,-3.40,-0.42,-0.63,-1.46,0.68,1.01,-0.53,-0.49,-4.08,1.70
0.67,-1.89,-3.56,-0.46,-0.42,-0.64,-1.49,0.66,1.09,-1.25,-2.07,-1.12,0.60
0.47,-1.19,-5.94,-0.35,-0.43,-0.64,-1.54,0.65,0.91,-0.55,-4.40,-1.00,2.04
0.56,-1.24,-5.18,-0.90,-0.44,-0.65,-1.58,0.63,1.00,-0.59,-3.60,-1.53,1.54
-0.13,-1.55,-4.69,-2.53,-0.45,-0.66,-1.62,0.60,0.32,-0.89,-3.07,-3.13,1.92
0.24,-2.17,-2.26,-5.37,-0.45,-0.69,-1.62,0.53,0.70,-1.48,-0.64,-5.90,3.53
0.71,-2.23,-0.95,-5.47,-0.45,-0.71,-1.61,0.46,1.16,-1.52,0.67,-5.92,3.59
1.46,-3.20,-6.15,-5.05,-0.45,-0.74,-1.66,0.40,1.91,-2.46,-4.49,-5.45,5.12
1.01,-3.15,-4.64,-3.40,-0.45,-0.77,-1.70,0.35,1.47,-2.38,-2.95,-3.76,2.41
1.02,-2.81,-3.01,-1.89,-0.45,-0.79,-1.71,0.33,1.47,-2.02,-1.30,-2.22,0.78
0.75,-3.66,-5.22,-4.27,-0.46,-0.82,-1.75,0.28,1.21,-2.84,-3.47,-4.55,3.43
-0.03,-3.13,-5.28,-5.45,-0.47,-0.85,-1.78,0.21,0.44,-2.28,-3.50,-5.66,4.49
1.54,-4.02,-6.55,-4.98,-0.47,-0.89,-1.83,0.16,2.02,-3.13,-4.72,-5.14,5.09
1.40,-4.89,-7.08,-3.27,-0.48,-0.92,-1.89,0.12,1.88,-3.96,-5.20,-3.39,4.19
1.23,-4.50,-5.73,-1.16,-0.48,-0.95,-1.93,0.11,1.72,-3.55,-3.80,-1.27,1.90
-0.29,-2.95,-0.81,-4.26,-0.49,-0.98,-1.91,0.06,0.20,-1.97,1.11,-4.32,2.04
0.48,-3.39,3.04,-6.92,-0.48,-1.01,-1.86,-0.01,0.96,-2.38,4.90,-6.90,7.23
-0.74,-3.06,2.84,-5.13,-0.47,-1.04,-1.82,-0.06,-0.27,-2.02,4.66,-5.07,4.77
-0.67,-3.25,0.53,-1.65,-0.48,-1.06,-1.79,-0.08,-0.19,-2.19,2.33,-1.57,0.88
-0.52,-3.41,-0.79,-0.15,-0.48,-1.08,-1.78,-0.08,-0.04,-2.33,0.99,-0.07,0.21
0.21,-3.82,3.88,-1.18,-0.47,-1.10,-1.73,-0.09,0.68,-2.72,5.61,-1.08,3.38
-0.02,-3.42,9.05,-3.77,-0.45,-1.13,-1.62,-0.13,0.43,-2.30,10.68,-3.64,12.71
0.02,-3.49,11.04,-7.82,-0.42,-1.16,-1.50,-0.21,0.44,-2.33,12.54,-7.61,21.43
0.82,-3.96,11.47,-9.77,-0.39,-1.20,-1.38,-0.30,1.21,-2.76,12.85,-9.47,25.41
2.48,-4.77,5.69,-5.89,-0.36,-1.24,-1.31,-0.35,2.83,-3.53,7.01,-5.54,8.31
2.55,-4.31,-5.85,1.95,-0.35,-1.26,-1.35,-0.33,2.90,-3.05,-4.49,2.29,2.87
2.82,-4.84,-7.85,2.02,-0.35,-1.28,-1.41,-0.31,3.18,-3.56,-6.44,2.33,5.09
4.61,-5.98,-12.37,-2.03,-0.35,-1.32,-1.51,-0.33,4.96,-4.66,-10.86,-1.70,12.89
2.76,-6.24,-16.58,0.26,-0.37,-1.35,-1.64,-0.33,3.13,-4.89,-14.94,0.59,22.82
0.98,-4.99,-7.69,1.95,-0.38,-1.37,-1.70,-0.31,1.37,-3.62,-6.00,2.26,4.37
0.85,-5.59,-7.91,1.31,-0.40,-1.40,-1.75,-0.30,1.25,-4.20,-6.16,1.61,4.40
1.33,-5.34,-14.05,3.47,-0.42,-1.42,-1.86,-0.26,1.75,-3.93,-12.19,3.73,16.47
0.17,-3.79,-8.96,3.44,-0.44,-1.42,-1.92,-0.23,0.62,-2.37,-7.04,3.67,6.37
-1.76,-3.43,-4.00,-5.79,-0.46,-1.45,-1.94,-0.28,-1.29,-1.98,-2.06,-5.50,3.53
2.07,-5.45,-2.15,-8.37,-0.45,-1.50,-1.94,-0.35,2.53,-3.95,-0.21,-8.01,6.80
1.75,-5.08,0.32,-4.43,-0.44,-1.53,-1.92,-0.39,2.19,-3.55,2.24,-4.04,2.46
0.57,-4.18,3.30,-3.18,-0.43,-1.56,-1.87,-0.41,1.01,-2.62,5.17,-2.76,3.56
0.55,-3.62,-3.80,-5.28,-0.44,-1.58,-1.89,-0.46,0.99,-2.04,-1.91,-4.83,2.77
1.89,-4.39,-4.41,-3.94,-0.44,-1.61,-1.91,-0.49,2.33,-2.78,-2.50,-3.45,2.06
0.81,-3.92,-3.04,1.42,-0.44,-1.62,-1.92,-0.47,1.25,-2.30,-1.12,1.89,0.62
0.52,-3.96,-2.55,1.57,-0.44,-1.63,-1.92,-0.46,0.96,-2.33,-0.63,2.03,0.57
-0.75,-3.17,-1.36,1.07,-0.45,-1.64,-1.92,-0.44,-0.31,-1.53,0.56,1.51,0.31
-0.91,-3.78,-2.92,-2.03,-0.46,-1.66,-1.93,-0.46,-0.45,-2.12,-0.99,-1.57,0.44
0.55,-4.51,1.77,-2.98,-0.46,-1.69,-1.90,-0.48,1.00,-2.83,3.67,-2.50,2.13
0.93,-6.34,-0.11,-2.50,-0.45,-1.72,-1.88,-0.50,1.38,-4.62,1.78,-2.01,1.17
1.59,-6.28,4.18,-4.47,-0.43,-1.76,-1.83,-0.53,2.03,-4.52,6.02,-3.94,5.62
1.96,-7.74,5.30,-1.91,-0.41,-1.80,-1.78,-0.54,2.37,-5.93,7.08,-1.36,5.96
1.63,-6.48,2.66,-1.56,-0.39,-1.84,-1.74,-0.55,2.02,-4.65,4.40,-1.00,2.53
2.28,-6.94,2.84,-0.73,-0.37,-1.87,-1.71,-0.56,2.65,-5.07,4.55,-0.17,2.70
1.92,-6.38,5.39,0.69,-0.35,-1.89,-1.65,-0.55,2.26,-4.49,7.04,1.24,5.57
1.65,-6.08,6.75,2.05,-0.32,-1.92,-1.59,-0.53,1.98,-4.16,8.33,2.58,7.98
2.05,-5.89,6.84,1.15,-0.29,-1.94,-1.52,-0.52,2.35,-3.95,8.36,1.67,7.63
2.12,-5.09,7.40,0.73,-0.27,-1.95,-1.46,-0.51,2.38,-3.13,8.86,1.25,8.25
1.15,-5.48,7.37,-0.12,-0.24,-1.98,-1.39,-0.51,1.39,-3.51,8.76,0.39,7.92
3.57,-5.75,9.45,1.10,-0.20,-2.00,-1.31,-0.50,3.77,-3.76,10.76,1.60,12.31
3.63,-5.44,10.18,3.39,-0.16,-2.01,-1.22,-0.48,3.78,-3.43,11.41,3.87,14.91
3.00,-4.67,8.58,2.85,-0.12,-2.02,-1.15,-0.45,3.12,-2.65,9.73,3.31,10.82
3.63,-4.58,4.72,1.79,-0.09,-2.03,-1.11,-0.44,3.72,-2.55,5.82,2.23,4.26
6.12,-5.60,0.50,-0.73,-0.05,-2.05,-1.09,-0.44,6.17,-3.55,1.60,-0.29,1.27
6.78,-5.85,-1.05,1.22,-0.02,-2.07,-1.09,-0.43,6.80,-3.77,0.04,1.65,1.48
4.01,-4.91,-0.89,3.76,-0.00,-2.08,-1.09,-0.41,4.02,-2.83,0.20,4.16,2.20
3.70,-4.76,1.92,0.14,0.02,-2.10,-1.06,-0.40,3.68,-2.66,2.99,0.54,1.32
4.34,-5.16,3.82,3.37,0.05,-2.10,-1.03,-0.38,4.29,-3.06,4.84,3.75,4.28
5.01,-5.30,4.46,7.85,0.09,-2.10,-0.99,-0.32,4.92,-3.19,5.45,8.17,10.26
5.68,-5.11,3.39,6.58,0.13,-2.11,-0.95,-0.28,5.55,-3.00,4.34,6.86,7.34
4.73,-5.50,9.86,5.98,0.17,-2.11,-0.88,-0.24,4.56,-3.38,10.74,6.22,15.94
4.38,-5.20,17.21,2.00,0.24,-2.12,-0.76,-0.22,4.15,-3.07,17.96,2.22,33.06
4.73,-5.91,24.52,-0.12,0.32,-2.15,-0.58,-0.22,4.42,-3.76,25.10,0.10,63.26
5.07,-5.13,31.10,1.54,0.41,-2.16,-0.37,-0.21,4.66,-2.97,31.47,1.76,99.28
3.84,-3.79,38.05,1.69,0.52,-2.16,-0.12,-0.20,3.32,-1.63,38.16,1.90,145.29
4.82,-3.68,44.18,7.31,0.64,-2.15,0.18,-0.15,4.18,-1.53,44.01,7.47,198.31
5.64,-2.73,54.66,9.13,0.80,-2.14,0.53,-0.09,4.84,-0.60,54.12,9.22,299.92
12.91,-3.88,58.52,10.15,1.00,-2.12,0.91,-0.03,11.91,-1.76,57.60,10.18,342.80
13.41,-2.80,49.13,0.66,1.18,-2.12,1.23,-0.02,12.23,-0.68,47.90,0.68,230.94
11.42,-1.69,55.05,-4.17,1.36,-2.13,1.58,-0.05,10.06,0.44,53.47,-4.12,287.78
14.47,-2.57,51.69,-0.99,1.56,-2.14,1.90,-0.06,12.91,-0.43,49.79,-0.94,249.69
17.08,-3.46,41.19,0.38,1.73,-2.14,2.16,-0.05,15.34,-1.32,39.03,0.44,156.07
19.79,-4.48,39.91,2.41,1.92,-2.15,2.40,-0.04,17.86,-2.33,37.50,2.45,146.77
21.71,-5.29,31.57,0.18,2.10,-2.17,2.59,-0.04,19.61,-3.12,28.98,0.22,91.24
22.97,-5.40,32.58,0.99,2.29,-2.18,2.79,-0.03,20.68,-3.22,29.79,1.03,96.96
22.72,-4.89,33.47,-2.99,2.48,-2.20,2.99,-0.05,20.25,-2.69,30.48,-2.94,101.41
22.94,-5.75,42.37,-4.64,2.68,-2.23,3.24,-0.08,20.26,-3.52,39.13,-4.56,162.56
24.20,-4.98,41.16,-0.67,2.89,-2.25,3.48,-0.09,21.31,-2.73,37.68,-0.58,150.26
26.66,-4.94,28.32,1.42,3.08,-2.26,3.64,-0.08,23.58,-2.68,24.68,1.50,71.92
26.16,-4.51,23.74,-0.26,3.26,-2.27,3.77,-0.08,22.90,-2.24,19.97,-0.18,50.13
25.17,-4.00,30.44,-0.32,3.45,-2.28,3.94,-0.08,21.72,-1.72,26.50,-0.24,79.21
25.72,-3.09,35.37,-2.44,3.64,-2.29,4.14,-0.10,22.08,-0.81,31.24,-2.34,107.18
26.75,-2.79,35.73,1.07,3.85,-2.29,4.34,-0.09,22.90,-0.50,31.39,1.16,108.46
27.88,-2.70,31.77,3.31,4.05,-2.28,4.51,-0.07,23.83,-0.42,27.26,3.39,86.28
26.02,-3.26,29.85,6.23,4.23,-2.27,4.67,-0.04,21.79,-0.98,25.18,6.27,76.36
27.79,-2.30,34.79,13.82,4.43,-2.24,4.85,0.04,23.35,-0.06,29.94,13.77,118.78
31.10,-2.49,41.65,11.77,4.67,-2.21,5.08,0.11,26.43,-0.27,36.57,11.66,160.31
33.48,-2.13,40.70,6.66,4.91,-2.20,5.29,0.15,28.57,0.07,35.41,6.51,145.01
31.82,-2.15,43.83,0.70,5.15,-2.20,5.53,0.15,26.67,0.04,38.31,0.55,159.99
35.91,-2.64,40.87,8.44,5.40,-2.18,5.74,0.20,30.51,-0.47,35.13,8.24,147.90
38.95,-1.74,27.68,8.44,5.63,-2.16,5.88,0.25,33.32,0.42,21.80,8.20,75.96
35.25,-2.78,26.18,6.21,5.84,-2.15,6.01,0.28,29.41,-0.63,20.17,5.93,61.15
38.68,-1.87,39.54,9.83,6.10,-2.12,6.21,0.33,32.58,0.25,33.33,9.50,140.49
44.04,-2.98,27.69,4.38,6.35,-2.11,6.35,0.35,37.69,-0.87,21.35,4.03,75.15
41.25,-1.71,17.66,3.05,6.57,-2.11,6.43,0.37,34.69,0.40,11.24,2.68,37.19
39.79,-1.59,21.28,1.80,6.78,-2.10,6.52,0.38,33.01,0.51,14.76,1.42,43.51
41.66,-1.91,17.88,-0.37,6.99,-2.10,6.60,0.37,34.66,0.18,11.28,-0.74,36.59
41.44,-2.44,21.86,-0.32,7.22,-2.10,6.70,0.37,34.23,-0.34,15.16,-0.69,46.19
43.46,-2.50,18.89,-2.63,7.44,-2.11,6.78,0.35,36.02,-0.40,12.10,-2.98,41.25
44.63,-2.66,17.69,-2.61,7.66,-2.11,6.86,0.34,36.97,-0.55,10.84,-2.95,39.72
43.10,-1.96,11.13,-3.69,7.86,-2.12,6.90,0.32,35.24,0.16,4.23,-4.01,28.10
43.32,-2.21,7.66,-0.58,8.05,-2.12,6.92,0.31,35.27,-0.09,0.75,-0.89,24.89
42.28,-1.52,7.73,-0.56,8.24,-2.12,6.94,0.31,34.05,0.60,0.79,-0.87,23.22
45.74,-2.01,3.18,0.87,8.42,-2.12,6.93,0.31,37.31,0.11,-3.76,0.56,29.17
45.14,-1.89,-2.58,3.56,8.60,-2.11,6.90,0.33,36.54,0.22,-9.48,3.23,36.60
44.24,-1.38,-3.05,3.83,8.76,-2.10,6.86,0.35,35.48,0.72,-9.92,3.49,36.10
45.10,-1.55,-2.09,1.51,8.93,-2.09,6.83,0.35,36.17,0.54,-8.93,1.16,34.15
43.79,-1.88,-0.58,-1.63,9.10,-2.09,6.81,0.34,34.70,0.21,-7.39,-1.98,29.82
44.06,-1.65,0.21,-1.68,9.26,-2.09,6.79,0.33,34.80,0.44,-6.58,-2.01,28.84
42.70,-1.78,-3.28,-2.15,9.42,-2.10,6.76,0.32,33.28,0.31,-10.04,-2.47,32.73
42.36,-2.21,-5.13,1.28,9.56,-2.09,6.71,0.32,32.80,-0.12,-11.84,0.96,35.50
43.45,-2.85,-4.53,1.77,9.71,-2.09,6.67,0.33,33.74,-0.76,-11.21,1.44,35.41
44.08,-2.91,-1.60,0.90,9.87,-2.09,6.64,0.33,34.21,-0.82,-8.25,0.57,30.14
43.46,-3.15,-2.18,0.89,10.02,-2.09,6.62,0.34,33.43,-1.05,-8.80,0.55,30.04
43.89,-2.94,-3.85,2.69,10.17,-2.09,6.58,0.35,33.72,-0.85,-10.43,2.34,34.04
42.98,-2.38,-4.12,2.15,10.32,-2.09,6.54,0.36,32.67,-0.29,-10.66,1.80,32.92
43.01,-2.96,-4.31,1.68,10.46,-2.09,6.50,0.36,32.56,-0.87,-10.81,1.32,32.95
42.62,-2.79,-3.71,1.95,10.60,-2.08,6.47,0.37,32.02,-0.71,-10.18,1.58,31.01
43.48,-2.61,-3.66,2.17,10.74,-2.08,6.43,0.38,32.73,-0.52,-10.10,1.79,31.84
42.36,-2.48,-2.21,0.23,10.88,-2.08,6.40,0.38,31.48,-0.40,-8.62,-0.15,27.15
43.96,-2.84,-0.06,0.41,11.03,-2.08,6.39,0.38,32.93,-0.76,-6.45,0.04,25.76
43.44,-2.83,-3.59,1.30,11.17,-2.08,6.35,0.38,32.27,-0.75,-9.94,0.92,30.69
42.52,-2.50,-4.69,3.79,11.31,-2.08,6.31,0.40,31.21,-0.43,-11.00,3.39,32.62
42.88,-1.83,-4.52,5.28,11.44,-2.06,6.28,0.42,31.44,0.24,-10.80,4.86,33.68
44.43,-2.23,-4.84,4.49,11.58,-2.05,6.24,0.44,32.85,-0.18,-11.08,4.05,35.38
43.24,-1.87,-5.16,1.91,11.71,-2.05,6.20,0.45,31.53,0.18,-11.36,1.46,32.89
43.15,-1.91,-2.17,1.08,11.85,-2.04,6.17,0.45,31.30,0.13,-8.34,0.63,26.50
44.18,-2.20,-4.69,2.00,11.98,-2.04,6.14,0.46,32.20,-0.16,-10.83,1.54,32.58
43.26,-2.05,-5.04,0.64,12.11,-2.04,6.10,0.46,31.15,-0.01,-11.14,0.18,31.71
43.16,-2.46,-4.26,1.30,12.24,-2.03,6.07,0.46,30.92,-0.42,-10.33,0.84,29.76
42.88,-1.96,-2.96,1.07,12.37,-2.03,6.04,0.46,30.52,0.06,-9.00,0.60,26.67
43.65,-2.04,-5.22,0.58,12.49,-2.03,6.00,0.46,31.15,-0.01,-11.22,0.12,31.90
42.34,-2.34,-3.53,0.00,12.62,-2.03,5.97,0.46,29.72,-0.31,-9.50,-0.46,26.62
42.78,-2.32,-2.46,2.35,12.74,-2.02,5.94,0.47,30.04,-0.30,-8.40,1.88,25.38
42.92,-2.16,-3.79,2.50,12.87,-2.02,5.91,0.48,30.05,-0.14,-9.70,2.02,27.79
43.08,-1.94,-3.51,0.72,12.99,-2.01,5.88,0.48,30.09,0.08,-9.40,0.24,26.85
42.52,-2.32,-3.53,0.58,13.11,-2.01,5.86,0.48,29.41,-0.30,-9.38,0.10,26.01
42.37,-2.57,-1.97,0.96,13.24,-2.01,5.83,0.48,29.13,-0.56,-7.80,0.48,23.02
43.24,-2.34,-2.12,2.23,13.36,-2.01,5.81,0.49,29.88,-0.33,-7.93,1.74,24.38
43.22,-1.87,-2.24,2.67,13.49,-2.00,5.79,0.50,29.73,0.13,-8.03,2.17,24.52
43.66,-2.57,-3.62,1.18,13.61,-2.00,5.76,0.50,30.05,-0.57,-9.38,0.67,26.83
43.32,-2.17,-2.50,-0.73,13.73,-2.00,5.74,0.50,29.60,-0.17,-8.24,-1.23,24.38
42.11,-2.47,-1.04,-2.41,13.85,-2.01,5.72,0.49,28.26,-0.47,-6.76,-2.90,21.31
42.35,-2.96,0.38,0.61,13.97,-2.01,5.71,0.49,28.38,-0.95,-5.33,0.13,18.91
43.92,-2.23,-1.37,3.21,14.10,-2.00,5.69,0.50,29.82,-0.23,-7.07,2.71,23.44
43.63,-2.30,-3.22,1.80,14.21,-2.00,5.67,0.50,29.41,-0.30,-8.89,1.30,25.29
42.67,-1.76,-3.01,0.99,14.33,-1.99,5.64,0.50,28.35,0.24,-8.65,0.49,23.50
43.68,-1.89,-3.53,2.02,14.44,-1.99,5.62,0.51,29.24,0.10,-9.14,1.50,25.60
42.73,-1.88,-2.69,1.82,14.56,-1.98,5.59,0.52,28.17,0.10,-8.28,1.30,22.83
43.17,-1.92,-2.41,1.19,14.67,-1.98,5.57,0.52,28.50,0.06,-7.98,0.67,22.60
43.76,-1.72,-2.70,0.29,14.79,-1.98,5.55,0.52,28.97,0.26,-8.25,-0.23,23.53
43.24,-1.90,-3.34,-1.36,14.90,-1.98,5.52,0.51,28.34,0.07,-8.87,-1.87,24.21
42.61,-2.34,-2.15,-1.51,15.01,-1.98,5.50,0.50,27.60,-0.36,-7.66,-2.01,21.44
42.73,-2.43,-2.98,0.34,15.12,-1.98,5.48,0.50,27.61,-0.45,-8.46,-0.17,22.34
43.28,-2.09,-3.71,0.81,15.22,-1.98,5.46,0.50,28.05,-0.11,-9.17,0.31,24.08
42.64,-2.40,-2.40,0.32,15.33,-1.98,5.43,0.50,27.31,-0.42,-7.83,-0.18,21.00
42.81,-2.21,-3.04,2.09,15.44,-1.98,5.41,0.51,27.37,-0.24,-8.45,1.58,22.31
43.48,-2.06,-3.68,3.31,15.54,-1.97,5.39,0.52,27.94,-0.09,-9.07,2.79,24.54
43.24,-1.67,-3.24,1.63,15.65,-1.96,5.36,0.52,27.59,0.29,-8.60,1.11,22.68
43.25,-1.56,-3.22,0.26,15.76,-1.96,5.34,0.52,27.49,0.40,-8.56,-0.26,22.39
42.92,-2.19,-1.40,-0.89,15.86,-1.96,5.33,0.52,27.05,-0.23,-6.73,-1.40,19.31
42.90,-2.05,-1.47,1.76,15.97,-1.96,5.31,0.52,26.93,-0.09,-6.78,1.23,19.19
43.07,-2.26,-3.34,1.95,16.07,-1.95,5.29,0.53,26.99,-0.31,-8.63,1.43,22.16
42.77,-2.53,-4.24,1.02,16.17,-1.95,5.26,0.53,26.60,-0.58,-9.50,0.49,23.15
42.92,-1.97,-3.04,2.60,16.27,-1.94,5.24,0.54,26.65,-0.02,-8.28,2.06,21.41
44.06,-2.31,-2.35,1.47,16.38,-1.94,5.22,0.54,27.68,-0.36,-7.57,0.92,21.09
43.89,-2.03,-1.65,0.02,16.48,-1.94,5.21,0.54,27.41,-0.09,-6.85,-0.52,19.70
43.19,-2.03,-2.90,-0.31,16.58,-1.94,5.18,0.54,26.61,-0.09,-8.09,-0.84,20.71
43.72,-1.72,-2.52,1.27,16.69,-1.94,5.17,0.54,27.03,0.22,-7.69,0.73,20.51
43.30,-1.80,-4.12,1.34,16.78,-1.93,5.14,0.54,26.52,0.13,-9.26,0.80,22.64
42.38,-1.64,-2.99,0.90,16.88,-1.93,5.12,0.54,25.50,0.29,-8.11,0.36,19.55
43.10,-1.56,-4.32,0.63,16.97,-1.92,5.10,0.54,26.13,0.36,-9.42,0.08,22.46
43.83,-2.14,-5.56,0.56,17.06,-1.92,5.07,0.54,26.77,-0.21,-10.62,0.02,25.55
44.07,-1.97,-7.44,1.63,17.15,-1.92,5.03,0.55,26.92,-0.05,-12.46,1.08,30.06
42.55,-2.11,-7.85,1.05,17.24,-1.92,4.99,0.55,25.32,-0.20,-12.84,0.50,29.25
42.20,-1.71,-5.65,2.38,17.32,-1.91,4.96,0.56,24.88,0.20,-10.61,1.82,23.90
42.87,-1.84,-6.52,3.05,17.41,-1.90,4.93,0.57,25.46,0.06,-11.45,2.49,26.61
42.59,-1.77,-4.98,2.81,17.49,-1.89,4.90,0.58,25.10,0.12,-9.88,2.23,22.79
41.67,-1.61,-4.58,2.18,17.58,-1.89,4.88,0.58,24.09,0.28,-9.46,1.60,20.75
41.35,-1.78,-2.92,1.94,17.66,-1.88,4.86,0.59,23.69,0.10,-7.77,1.35,17.40
42.14,-1.93,-2.55,3.25,17.75,-1.87,4.84,0.60,24.39,-0.05,-7.39,2.65,18.01
43.34,-2.30,-3.01,2.98,17.84,-1.87,4.82,0.61,25.50,-0.43,-7.83,2.37,19.64
42.86,-1.95,-3.47,-0.58,17.93,-1.87,4.80,0.60,24.93,-0.08,-8.27,-1.18,19.35
42.39,-2.35,-0.27,-1.51,18.03,-1.87,4.79,0.59,24.37,-0.48,-5.07,-2.11,14.85
43.02,-2.21,-1.63,1.13,18.12,-1.87,4.78,0.60,24.90,-0.34,-6.41,0.53,16.50
42.98,-2.51,-3.04,1.85,18.20,-1.87,4.76,0.60,24.78,-0.64,-7.80,1.25,18.48
42.99,-2.12,-3.91,0.29,18.29,-1.87,4.74,0.60,24.70,-0.25,-8.65,-0.31,19.64
43.34,-2.42,-4.38,-1.21,18.38,-1.87,4.72,0.59,24.97,-0.55,-9.10,-1.80,21.02
42.11,-1.71,-5.86,0.40,18.45,-1.87,4.69,0.59,23.65,0.15,-10.55,-0.19,22.27
43.77,-2.17,-10.75,3.66,18.52,-1.86,4.64,0.60,25.24,-0.31,-15.39,3.06,37.27
44.02,-2.01,-18.84,4.67,18.58,-1.85,4.57,0.62,25.44,-0.17,-23.41,4.05,69.18
42.87,-1.97,-27.15,8.52,18.61,-1.83,4.46,0.65,24.26,-0.15,-31.61,7.87,117.52
41.51,-0.93,-35.80,17.69,18.62,-1.79,4.33,0.71,22.90,0.86,-40.13,16.99,199.75
40.96,-0.97,-37.74,20.79,18.62,-1.74,4.19,0.78,22.34,0.76,-41.93,20.01,225.09
40.17,-0.85,-37.74,17.01,18.62,-1.69,4.04,0.84,21.56,0.84,-41.78,16.17,209.37
39.65,-0.32,-35.65,13.62,18.62,-1.66,3.91,0.89,21.03,1.34,-39.56,12.73,181.01
36.39,0.99,-28.50,9.37,18.62,-1.63,3.80,0.92,17.77,2.61,-32.31,8.46,117.60
35.99,0.89,-21.28,6.46,18.64,-1.60,3.72,0.94,17.35,2.50,-25.00,5.52,71.49
36.99,0.79,-21.71,4.69,18.66,-1.58,3.64,0.95,18.33,2.37,-25.35,3.73,72.26
35.53,1.01,-22.40,3.63,18.68,-1.57,3.55,0.96,16.85,2.58,-25.95,2.67,73.65
37.60,0.44,-21.31,4.61,18.70,-1.55,3.47,0.98,18.90,1.99,-24.79,3.63,69.78
37.83,-0.22,-32.31,2.15,18.70,-1.54,3.36,0.98,19.13,1.32,-35.66,1.17,134.26
34.57,-0.49,-40.64,-2.44,18.67,-1.54,3.21,0.97,15.90,1.05,-43.85,-3.41,197.90
34.69,-0.55,-45.15,-0.64,18.63,-1.53,3.05,0.97,16.06,0.98,-48.19,-1.61,236.93
34.12,-0.54,-50.92,1.89,18.58,-1.52,2.87,0.97,15.54,0.98,-53.78,0.92,293.25
32.35,-0.58,-51.85,2.46,18.51,-1.51,2.68,0.97,13.84,0.94,-54.53,1.48,300.44
30.29,0.46,-55.74,0.76,18.44,-1.50,2.49,0.97,11.85,1.97,-58.23,-0.21,340.81
27.56,1.18,-55.62,-1.60,18.35,-1.50,2.29,0.97,9.22,2.68,-57.91,-2.57,336.72
27.80,0.66,-55.28,-0.20,18.26,-1.49,2.10,0.96,9.54,2.15,-57.38,-1.16,330.19
27.63,-0.17,-61.18,0.81,18.17,-1.48,1.88,0.96,9.46,1.31,-63.06,-0.15,398.16
22.05,1.73,-56.09,0.61,18.06,-1.47,1.69,0.96,3.99,3.20,-57.78,-0.35,333.26
20.79,0.38,-48.26,0.41,17.97,-1.46,1.52,0.96,2.82,1.84,-49.78,-0.55,247.21
21.71,0.59,-54.67,-0.82,17.86,-1.45,1.33,0.96,3.85,2.04,-56.00,-1.78,313.27
19.27,0.02,-62.81,-2.67,17.73,-1.45,1.11,0.95,1.54,1.47,-63.92,-3.62,408.64
17.50,-0.27,-53.77,0.75,17.62,-1.44,0.93,0.95,-0.12,1.18,-54.70,-0.20,298.23
17.96,-0.46,-55.77,4.12,17.50,-1.43,0.74,0.96,0.46,0.97,-56.51,3.17,319.28
14.32,-0.08,-64.98,1.57,17.35,-1.42,0.52,0.96,-3.04,1.34,-65.49,0.61,427.75
11.22,-0.43,-64.47,1.02,17.19,-1.41,0.30,0.96,-5.98,0.98,-64.77,0.06,418.82
12.61,-1.27,-57.02,-0.61,17.06,-1.41,0.10,0.96,-4.45,0.15,-57.13,-1.57,325.89
11.74,-1.67,-54.72,-4.05,16.92,-1.42,-0.08,0.94,-5.19,-0.25,-54.64,-4.98,300.53
8.17,-1.15,-48.50,-8.38,16.79,-1.44,-0.24,0.91,-8.62,0.28,-48.26,-9.29,242.19
6.65,-1.24,-46.15,-13.63,16.66,-1.46,-0.40,0.86,-10.01,0.22,-45.75,-14.49,231.55
7.02,-2.29,-42.52,-9.77,16.53,-1.48,-0.54,0.82,-9.52,-0.80,-41.98,-10.60,188.61
6.55,-1.66,-40.38,-6.08,16.42,-1.50,-0.68,0.80,-9.87,-0.16,-39.71,-6.88,163.76
5.01,-1.04,-37.27,-7.45,16.30,-1.51,-0.80,0.78,-11.28,0.47,-36.47,-8.23,141.80
3.59,-1.89,-35.76,-14.18,16.18,-1.54,-0.92,0.73,-12.59,-0.35,-34.84,-14.91,146.24
4.57,-2.47,-37.74,-12.55,16.06,-1.57,-1.04,0.68,-11.49,-0.90,-36.70,-13.23,154.29
2.41,-2.64,-45.68,-11.11,15.92,-1.60,-1.19,0.64,-13.51,-1.04,-44.48,-11.76,214.64
-0.28,-2.39,-33.36,-11.69,15.79,-1.62,-1.31,0.60,-16.07,-0.77,-32.05,-12.30,122.60
1.44,-2.43,-22.32,-5.89,15.70,-1.64,-1.38,0.58,-14.26,-0.80,-20.94,-6.48,51.93
1.47,-3.18,-23.83,-3.85,15.60,-1.65,-1.46,0.57,-14.13,-1.54,-22.37,-4.42,55.85
0.95,-3.56,-19.88,-2.12,15.51,-1.66,-1.52,0.56,-14.56,-1.90,-18.36,-2.68,38.58
-0.54,-3.66,-6.35,1.59,15.44,-1.66,-1.54,0.56,-15.99,-2.00,-4.81,1.03,7.58
-0.71,-4.10,-2.78,3.42,15.39,-1.66,-1.56,0.57,-16.10,-2.44,-1.22,2.85,6.25
-0.23,-4.07,-3.60,6.60,15.33,-1.65,-1.57,0.59,-15.56,-2.42,-2.03,6.01,8.96
-0.26,-2.98,-5.80,7.82,15.26,-1.64,-1.59,0.61,-15.53,-1.34,-4.21,7.21,11.79
0.49,-3.05,-6.12,8.61,15.20,-1.62,-1.61,0.63,-14.71,-1.43,-4.51,7.98,12.73
-0.50,-2.29,-8.81,7.60,15.13,-1.61,-1.64,0.66,-15.63,-0.68,-7.17,6.95,14.81
-0.22,-1.91,-10.53,4.49,15.06,-1.60,-1.67,0.67,-15.29,-0.31,-8.86,3.82,13.93
-0.26,-1.28,-12.12,4.89,14.99,-1.58,-1.71,0.68,-15.25,0.30,-10.41,4.20,17.19
-1.63,-1.25,-13.85,1.94,14.90,-1.58,-1.76,0.68,-16.53,0.33,-12.09,1.25,20.16
-1.11,-1.53,-17.05,-1.36,14.81,-1.58,-1.81,0.68,-15.92,0.05,-15.24,-2.04,28.61
-2.29,-1.99,-16.73,-1.44,14.72,-1.58,-1.87,0.67,-17.01,-0.41,-14.87,-2.11,28.23
-1.81,-1.94,-7.45,0.50,14.65,-1.58,-1.89,0.67,-16.47,-0.36,-5.56,-0.17,8.49
-1.45,-2.63,-3.11,-1.60,14.60,-1.59,-1.90,0.66,-16.04,-1.05,-1.21,-2.27,5.81
-2.70,-2.63,-0.90,-1.95,14.54,-1.59,-1.90,0.65,-17.23,-1.04,1.00,-2.61,6.72
-2.33,-3.00,-1.34,1.79,14.48,-1.59,-1.91,0.66,-16.81,-1.40,0.57,1.13,5.83
-2.46,-2.17,-1.62,2.50,14.42,-1.59,-1.92,0.66,-16.88,-0.59,0.30,1.84,6.04
-1.91,-2.10,-0.27,1.97,14.37,-1.58,-1.92,0.67,-16.28,-0.52,1.64,1.30,5.73
-1.22,-2.19,-0.14,1.13,14.32,-1.58,-1.92,0.67,-15.54,-0.61,1.78,0.46,5.16
-2.04,-1.64,2.53,-0.98,14.28,-1.58,-1.91,0.66,-16.32,-0.06,4.45,-1.64,7.55
-0.66,-2.44,2.11,-0.56,14.23,-1.58,-1.91,0.66,-14.89,-0.86,4.01,-1.22,6.20
-0.49,-2.75,-1.66,0.53,14.18,-1.58,-1.91,0.66,-14.67,-1.17,0.25,-0.12,4.33
-1.19,-2.39,-2.17,-2.03,14.13,-1.59,-1.92,0.65,-15.32,-0.80,-0.25,-2.68,5.42
-1.63,-2.74,1.08,-2.12,14.08,-1.60,-1.92,0.64,-15.71,-1.14,3.00,-2.76,6.61
-1.38,-2.41,0.50,-1.04,14.03,-1.60,-1.92,0.64,-15.41,-0.81,2.42,-1.67,5.62
-0.45,-2.97,-0.61,-0.50,13.99,-1.60,-1.92,0.63,-14.44,-1.36,1.31,-1.14,4.49
-0.89,-2.89,1.95,0.24,13.94,-1.61,-1.91,0.63,-14.84,-1.28,3.87,-0.39,5.93
-0.33,-2.78,0.34,0.15,13.90,-1.61,-1.91,0.63,-14.23,-1.17,2.25,-0.48,4.59
-1.64,-2.53,-2.58,-0.34,13.84,-1.61,-1.92,0.62,-15.48,-0.92,-0.66,-0.96,4.93
-0.31,-2.55,-0.79,0.11,13.80,-1.61,-1.93,0.62,-14.10,-0.94,1.13,-0.52,4.14
-0.13,-2.56,-3.71,0.58,13.75,-1.61,-1.94,0.62,-13.88,-0.95,-1.77,-0.04,4.17
0.46,-2.06,-3.15,-0.67,13.70,-1.61,-1.95,0.62,-13.24,-0.44,-1.20,-1.29,3.81
-0.03,-2.51,2.17,-1.27,13.66,-1.62,-1.94,0.61,-13.69,-0.90,4.11,-1.88,5.79
-1.52,-2.21,6.21,-3.50,13.63,-1.63,-1.92,0.60,-15.14,-0.59,8.14,-4.10,12.86
-0.86,-2.29,2.89,-4.23,13.59,-1.64,-1.91,0.59,-14.45,-0.66,4.80,-4.81,8.79
-0.52,-2.66,-1.04,-5.07,13.54,-1.65,-1.92,0.57,-14.06,-1.01,0.88,-5.64,7.21
-0.58,-3.38,-0.53,-2.32,13.50,-1.66,-1.92,0.56,-14.08,-1.73,1.39,-2.88,5.03
-0.62,-3.80,-1.22,-0.11,13.45,-1.66,-1.92,0.56,-14.07,-2.14,0.70,-0.66,4.13
-0.47,-3.56,-1.28,2.23,13.40,-1.66,-1.93,0.56,-13.87,-1.90,0.65,1.67,4.23
-1.29,-2.98,-1.71,0.98,13.35,-1.66,-1.93,0.56,-14.64,-1.32,0.22,0.42,4.33
0.55,-2.75,-2.12,0.24,13.31,-1.66,-1.94,0.56,-12.76,-1.09,-0.18,-0.32,3.28
0.55,-3.12,-1.37,-1.16,13.27,-1.67,-1.94,0.55,-12.72,-1.45,0.57,-1.72,3.59
0.60,-3.03,0.00,-1.65,13.23,-1.68,-1.94,0.55,-12.63,-1.35,1.94,-2.20,4.08
-1.11,-2.95,-0.12,-0.32,13.18,-1.68,-1.94,0.55,-14.30,-1.27,1.82,-0.87,4.52
-0.06,-3.35,-1.50,0.79,13.14,-1.68,-1.95,0.55,-13.20,-1.67,0.45,0.25,3.56
1.25,-2.97,-2.21,1.91,13.10,-1.68,-1.95,0.55,-11.84,-1.29,-0.26,1.36,3.02
1.23,-2.99,-1.39,-0.44,13.06,-1.68,-1.96,0.54,-11.82,-1.31,0.57,-0.99,2.95
-0.11,-2.74,1.28,-1.65,13.02,-1.69,-1.95,0.54,-13.13,-1.05,3.24,-2.19,4.99
0.08,-3.16,-0.35,1.65,12.98,-1.69,-1.96,0.54,-12.90,-1.47,1.60,1.11,3.74
0.59,-2.77,-4.32,1.89,12.93,-1.69,-1.97,0.54,-12.34,-1.08,-2.35,1.35,3.79
0.31,-2.77,-1.56,-1.34,12.89,-1.69,-1.97,0.54,-12.58,-1.08,0.41,-1.88,3.55
0.79,-3.11,-0.98,-2.03,12.85,-1.70,-1.97,0.53,-12.06,-1.41,1.00,-2.56,3.70
-0.13,-3.55,-1.48,1.22,12.81,-1.70,-1.98,0.53,-12.94,-1.85,0.50,0.69,3.48
0.44,-3.04,-2.44,0.73,12.76,-1.70,-1.98,0.53,-12.33,-1.34,-0.46,0.20,3.09
0.56,-3.27,-2.67,0.03,12.72,-1.70,-1.99,0.53,-12.16,-1.56,-0.68,-0.50,3.07
0.77,-3.50,-2.64,0.98,12.68,-1.71,-2.00,0.53,-11.91,-1.80,-0.64,0.45,2.96
0.44,-2.97,-4.53,-0.09,12.63,-1.71,-2.01,0.53,-12.19,-1.26,-2.52,-0.62,3.67
0.49,-3.86,-1.74,-0.15,12.59,-1.71,-2.01,0.53,-12.11,-2.15,0.27,-0.68,3.07
0.10,-3.38,-0.89,-0.23,12.55,-1.72,-2.02,0.52,-12.45,-1.66,1.13,-0.75,3.33
0.82,-3.50,-3.18,-0.41,12.51,-1.72,-2.02,0.52,-11.69,-1.78,-1.15,-0.93,3.01
-0.24,-3.19,-3.34,0.58,12.46,-1.72,-2.03,0.52,-12.70,-1.47,-1.31,0.06,3.43
0.16,-3.06,-1.71,0.92,12.42,-1.73,-2.04,0.52,-12.26,-1.33,0.33,0.40,3.06
0.99,-3.41,-3.11,0.41,12.38,-1.73,-2.05,0.52,-11.39,-1.68,-1.07,-0.11,2.76
0.19,-2.97,-3.63,0.27,12.34,-1.73,-2.06,0.52,-12.14,-1.24,-1.58,-0.24,3.23
0.32,-2.80,-2.20,0.73,12.29,-1.73,-2.06,0.52,-11.97,-1.07,-0.14,0.22,2.89
1.04,-3.10,-4.72,0.41,12.25,-1.73,-2.07,0.52,-11.21,-1.37,-2.64,-0.10,3.24
1.32,-2.89,-7.18,1.33,12.20,-1.73,-2.09,0.52,-10.88,-1.16,-5.08,0.81,5.03
1.11,-2.90,-9.30,3.65,12.15,-1.73,-2.11,0.53,-11.04,-1.18,-7.18,3.12,8.57
1.19,-2.41,-11.71,2.76,12.09,-1.72,-2.14,0.53,-10.90,-0.69,-9.56,2.23,11.99
-0.03,-2.24,-11.66,2.43,12.03,-1.72,-2.18,0.54,-12.06,-0.53,-9.49,1.89,12.23
0.61,-2.15,-10.55,1.24,11.97,-1.71,-2.20,0.54,-11.36,-0.44,-8.35,0.70,9.57
0.23,-3.04,-14.17,1.36,11.91,-1.71,-2.24,0.54,-11.68,-1.33,-11.93,0.82,17.00
-1.87,-2.03,-13.65,2.85,11.84,-1.71,-2.27,0.55,-13.71,-0.33,-11.37,2.31,17.17
-0.98,-2.97,-16.15,3.10,11.76,-1.70,-2.32,0.55,-12.75,-1.26,-13.84,2.55,23.00
-0.28,-3.02,-17.16,5.82,11.69,-1.69,-2.36,0.57,-11.97,-1.33,-14.80,5.25,27.47
0.17,-2.77,-20.58,5.63,11.61,-1.68,-2.41,0.58,-11.45,-1.09,-18.17,5.06,38.09
-2.78,-1.72,-22.14,0.78,11.52,-1.68,-2.47,0.58,-14.31,-0.03,-19.67,0.20,42.64
-2.28,-2.65,-20.14,-0.06,11.44,-1.68,-2.52,0.58,-13.72,-0.96,-17.61,-0.64,34.74
-4.10,-2.28,-23.65,1.71,11.35,-1.68,-2.58,0.58,-15.44,-0.60,-21.06,1.13,49.12
-3.18,-2.97,-29.50,3.63,11.24,-1.67,-2.66,0.59,-14.42,-1.29,-26.84,3.05,76.90
-3.63,-3.19,-31.83,4.44,11.13,-1.67,-2.74,0.60,-14.76,-1.52,-29.09,3.85,90.23
-3.62,-3.01,-31.18,4.76,11.02,-1.66,-2.82,0.61,-14.64,-1.35,-28.35,4.16,86.19
-5.59,-2.43,-34.50,4.46,10.90,-1.65,-2.91,0.62,-16.48,-0.77,-31.59,3.84,106.42
-7.68,-2.91,-37.15,5.60,10.77,-1.64,-3.01,0.63,-18.45,-1.26,-34.14,4.98,125.48
-7.57,-2.36,-40.03,8.47,10.63,-1.62,-3.11,0.65,-18.20,-0.74,-36.92,7.83,148.64
-8.10,-1.83,-45.50,8.02,10.48,-1.61,-3.23,0.67,-18.58,-0.22,-42.27,7.35,190.43
-7.10,-2.37,-50.17,1.73,10.32,-1.60,-3.35,0.67,-17.43,-0.77,-46.82,1.06,224.72
-11.64,-1.25,-55.97,-3.37,10.14,-1.61,-3.50,0.66,-21.78,0.36,-52.47,-4.03,285.64
-12.46,-1.93,-49.08,1.04,9.97,-1.61,-3.62,0.66,-22.44,-0.32,-45.46,0.38,216.13
-14.34,-1.60,-52.41,0.60,9.79,-1.60,-3.76,0.66,-24.14,0.00,-48.66,-0.06,247.67
-15.19,-1.34,-52.69,5.04,9.61,-1.59,-3.89,0.67,-24.80,0.26,-48.80,4.37,251.59
-15.68,-2.01,-52.70,9.89,9.43,-1.57,-4.02,0.69,-25.11,-0.43,-48.68,9.20,257.28
-18.29,-1.30,-58.31,-1.62,9.23,-1.57,-4.17,0.69,-27.52,0.27,-54.13,-2.31,307.81
-20.28,-1.02,-46.20,0.85,9.05,-1.57,-4.29,0.69,-29.33,0.55,-41.91,0.17,192.25
-21.09,-0.69,-41.47,4.44,8.87,-1.55,-4.40,0.70,-29.96,0.86,-37.07,3.74,156.30
-21.98,-1.27,-43.83,2.35,8.70,-1.55,-4.51,0.70,-30.68,0.28,-39.32,1.65,173.20
-22.89,-0.96,-47.59,0.20,8.51,-1.54,-4.63,0.70,-31.40,0.59,-42.96,-0.50,203.68
-22.90,-1.81,-51.01,1.01,8.31,-1.54,-4.76,0.70,-31.21,-0.26,-46.25,0.31,232.70
-23.85,-1.53,-58.85,-1.24,8.10,-1.54,-4.91,0.70,-31.94,0.02,-53.95,-1.93,310.92
-24.97,-1.77,-51.59,-1.07,7.90,-1.54,-5.03,0.69,-32.87,-0.23,-46.55,-1.76,237.91
-28.86,-1.08,-44.56,1.15,7.70,-1.54,-5.15,0.69,-36.56,0.46,-39.42,0.45,181.55
-30.58,-0.51,-55.24,-5.36,7.48,-1.55,-5.29,0.68,-38.06,1.03,-49.95,-6.04,281.27
-30.96,-0.82,-57.98,-11.01,7.25,-1.57,-5.43,0.65,-38.21,0.75,-52.55,-11.66,318.01
-29.59,-2.33,-44.85,-12.11,7.05,-1.59,-5.55,0.62,-36.64,-0.74,-39.31,-12.73,196.97
-29.09,-3.16,-35.94,-7.98,6.87,-1.61,-5.64,0.60,-35.96,-1.55,-30.30,-8.58,124.71
-31.62,-3.75,-34.11,-0.09,6.69,-1.62,-5.72,0.60,-38.32,-2.13,-28.39,-0.69,109.71
-33.97,-1.85,-28.00,-1.95,6.52,-1.62,-5.79,0.59,-40.49,-0.23,-22.21,-2.54,82.48
-34.92,-2.20,-21.50,-9.31,6.36,-1.64,-5.85,0.56,-41.29,-0.56,-15.65,-9.88,68.11
-35.14,-1.69,-19.36,-7.07,6.21,-1.65,-5.90,0.55,-41.34,-0.04,-13.46,-7.61,57.91
-35.08,-2.72,-24.66,0.79,6.04,-1.65,-5.96,0.55,-41.12,-1.07,-18.70,0.25,68.57
-36.77,-2.71,-29.05,3.40,5.86,-1.65,-6.04,0.55,-42.63,-1.06,-23.02,2.85,89.86
-37.90,-2.23,-24.92,2.18,5.69,-1.64,-6.10,0.56,-43.58,-0.59,-18.82,1.63,73.42
-38.64,-1.58,-26.85,-0.44,5.51,-1.64,-6.17,0.55,-44.15,0.06,-20.69,-1.00,81.61
-36.12,-2.01,-22.15,-3.33,5.35,-1.65,-6.22,0.54,-41.47,-0.36,-15.93,-3.87,61.07
-37.31,-2.71,-16.06,-0.20,5.20,-1.65,-6.26,0.54,-42.51,-1.06,-9.80,-0.74,45.66
-37.56,-2.38,-19.25,0.20,5.04,-1.65,-6.31,0.54,-42.60,-0.72,-12.94,-0.34,52.88
-38.43,-1.69,-18.03,-0.46,4.88,-1.65,-6.36,0.54,-43.31,-0.04,-11.67,-1.00,51.06
-37.61,-2.83,-12.31,-1.08,4.74,-1.66,-6.39,0.53,-42.34,-1.17,-5.91,-1.62,39.52
-37.17,-3.23,-10.69,-3.53,4.60,-1.67,-6.42,0.52,-41.77,-1.57,-4.27,-4.05,38.30
-36.92,-3.61,-5.97,-3.44,4.47,-1.68,-6.44,0.51,-41.39,-1.93,0.47,-3.95,35.84
-38.30,-3.28,-6.09,1.86,4.34,-1.68,-6.45,0.52,-42.64,-1.61,0.36,1.35,36.53
-39.94,-2.14,-11.37,4.92,4.19,-1.67,-6.48,0.53,-44.13,-0.48,-4.89,4.39,43.16
-38.67,-1.84,-8.03,0.84,4.06,-1.66,-6.50,0.53,-42.73,-0.17,-1.53,0.31,36.66
-38.60,-2.95,-7.48,0.98,3.93,-1.66,-6.52,0.53,-42.53,-1.28,-0.96,0.45,36.22
-39.27,-2.33,-5.05,1.83,3.80,-1.66,-6.54,0.53,-43.06,-0.67,1.48,1.30,37.40
-39.54,-2.23,-7.01,-0.11,3.66,-1.66,-6.56,0.53,-43.20,-0.57,-0.45,-0.64,37.30
-39.64,-1.91,-4.35,1.27,3.54,-1.66,-6.57,0.53,-43.18,-0.25,2.22,0.74,37.75
-39.64,-2.43,-4.12,2.79,3.41,-1.65,-6.58,0.54,-43.05,-0.78,2.46,2.26,38.10
-39.94,-2.28,-4.34,0.12,3.28,-1.65,-6.59,0.53,-43.22,-0.63,2.26,-0.41,37.80
-38.37,-2.58,-3.76,-2.02,3.16,-1.66,-6.61,0.53,-41.53,-0.92,2.85,-2.54,35.90
-39.07,-2.43,-0.32,-0.40,3.04,-1.66,-6.61,0.53,-42.12,-0.77,6.29,-0.92,39.45
-40.11,-2.38,-0.93,2.76,2.92,-1.66,-6.61,0.53,-43.03,-0.72,5.68,2.23,40.70
-39.61,-2.43,-4.20,1.86,2.80,-1.65,-6.62,0.53,-42.41,-0.78,2.43,1.33,36.66
-39.70,-2.23,-3.98,0.58,2.67,-1.65,-6.64,0.53,-42.38,-0.57,2.65,0.05,36.55
-38.53,-2.55,-4.82,-0.27,2.55,-1.65,-6.65,0.53,-41.09,-0.89,1.82,-0.81,34.10
-38.97,-2.76,-0.79,0.35,2.44,-1.66,-6.65,0.53,-41.41,-1.10,5.86,-0.18,37.68
-39.10,-2.72,0.27,1.91,2.32,-1.65,-6.65,0.53,-41.42,-1.07,6.93,1.38,39.26
-41.25,-1.91,-0.14,1.50,2.21,-1.65,-6.66,0.53,-43.45,-0.26,6.52,0.96,42.03
-40.75,-1.52,-0.78,0.38,2.09,-1.65,-6.66,0.53,-42.84,0.13,5.88,-0.15,40.09
-39.28,-2.33,-3.18,0.20,1.97,-1.65,-6.67,0.53,-41.25,-0.68,3.49,-0.33,35.19
-38.89,-2.98,-4.66,1.13,1.85,-1.65,-6.68,0.53,-40.74,-1.33,2.03,0.60,33.60
-38.18,-2.77,-2.23,1.28,1.73,-1.65,-6.69,0.54,-39.91,-1.12,4.46,0.75,33.86
-39.87,-2.27,-1.42,2.69,1.62,-1.64,-6.69,0.54,-41.49,-0.63,5.27,2.15,37.61
-40.25,-2.51,-3.44,1.24,1.50,-1.64,-6.70,0.54,-41.75,-0.87,3.27,0.70,35.92
-39.79,-1.85,-2.81,-0.81,1.38,-1.64,-6.71,0.54,-41.17,-0.20,3.90,-1.35,35.54
-39.59,-2.45,-3.31,-0.06,1.26,-1.64,-6.72,0.54,-40.85,-0.81,3.41,-0.60,34.51
-38.78,-2.48,-4.40,0.49,1.15,-1.64,-6.73,0.54,-39.93,-0.84,2.34,-0.05,32.37
-38.52,-2.61,-1.08,0.43,1.04,-1.64,-6.74,0.54,-39.56,-0.97,5.65,-0.11,34.45
-40.15,-2.42,0.20,0.37,0.93,-1.64,-6.74,0.53,-41.08,-0.77,6.94,-0.17,38.50
-40.44,-2.43,-1.24,-1.08,0.81,-1.65,-6.74,0.53,-41.25,-0.79,5.51,-1.61,37.26
-38.79,-2.55,-4.67,0.38,0.69,-1.65,-6.75,0.53,-39.48,-0.90,2.08,-0.15,31.56
-38.09,-2.97,-5.59,1.19,0.58,-1.65,-6.77,0.53,-38.67,-1.32,1.18,0.66,30.06
-39.36,-2.27,-3.11,-0.21,0.46,-1.65,-6.78,0.53,-39.83,-0.62,3.66,-0.74,33.06
-39.24,-2.78,-1.48,-0.49,0.35,-1.65,-6.78,0.53,-39.59,-1.13,5.30,-1.01,34.22
-40.05,-2.16,-3.11,1.42,0.24,-1.65,-6.79,0.53,-40.29,-0.51,3.67,0.89,33.83
-39.61,-2.44,-2.78,-0.41,0.13,-1.65,-6.80,0.53,-39.74,-0.79,4.02,-0.94,33.23
-38.81,-2.95,-5.25,-0.34,0.01,-1.65,-6.81,0.52,-38.82,-1.30,1.56,-0.86,30.42
-39.21,-2.57,-4.03,1.07,-0.10,-1.65,-6.82,0.52,-39.10,-0.92,2.79,0.54,31.34
-40.58,-1.98,-3.63,0.95,-0.22,-1.65,-6.83,0.52,-40.36,-0.33,3.19,0.42,33.55
-39.86,-2.60,-4.44,-0.50,-0.33,-1.65,-6.84,0.52,-39.53,-0.95,2.40,-1.03,31.88
-39.02,-2.47,-3.60,-1.13,-0.44,-1.65,-6.85,0.52,-38.58,-0.82,3.24,-1.65,31.04
-38.67,-2.71,-3.15,-0.02,-0.55,-1.65,-6.86,0.52,-38.11,-1.06,3.71,-0.53,30.42
-40.49,-2.67,-3.31,1.57,-0.67,-1.65,-6.86,0.52,-39.82,-1.02,3.55,1.05,33.04
-40.19,-2.38,-3.63,0.76,-0.78,-1.65,-6.87,0.52,-39.41,-0.73,3.24,0.24,32.07
-39.73,-2.08,-2.73,-0.18,-0.89,-1.65,-6.88,0.52,-38.84,-0.42,4.15,-0.70,31.88
-38.95,-3.11,-3.21,-0.93,-1.00,-1.66,-6.89,0.51,-37.96,-1.46,3.68,-1.44,30.36
-39.31,-2.61,-2.37,-0.15,-1.10,-1.66,-6.89,0.51,-38.20,-0.95,4.53,-0.66,31.24
-39.15,-2.68,-3.04,1.42,-1.21,-1.66,-6.90,0.51,-37.94,-1.02,3.86,0.91,30.33
-39.38,-2.85,-4.02,2.21,-1.32,-1.65,-6.91,0.52,-38.05,-1.20,2.89,1.70,30.06
-39.29,-2.53,-3.40,-0.63,-1.43,-1.66,-6.92,0.51,-37.86,-0.88,3.51,-1.14,29.99
-38.92,-2.08,-2.96,-1.50,-1.54,-1.66,-6.92,0.51,-37.38,-0.42,3.96,-2.00,29.87
-39.92,-2.93,-1.39,1.04,-1.64,-1.66,-6.93,0.51,-38.27,-1.27,5.54,0.53,32.37
-39.50,-2.38,-2.58,0.18,-1.75,-1.66,-6.93,0.51,-37.75,-0.72,4.35,-0.33,30.36
-39.81,-2.56,-2.75,0.20,-1.85,-1.66,-6.94,0.51,-37.95,-0.90,4.19,-0.31,30.53
-39.73,-2.56,-1.88,0.73,-1.96,-1.66,-6.95,0.51,-37.77,-0.90,5.07,0.23,31.07
-39.41,-2.28,-0.82,-0.81,-2.06,-1.66,-6.95,0.50,-37.35,-0.62,6.12,-1.31,31.78
-38.97,-2.52,-1.30,1.69,-2.16,-1.66,-6.95,0.51,-36.81,-0.86,5.65,1.19,30.39
-39.20,-2.72,2.79,2.81,-2.25,-1.65,-6.95,0.51,-36.95,-1.06,9.74,2.30,37.28
-38.64,-3.07,2.47,1.59,-2.35,-1.65,-6.94,0.51,-36.29,-1.41,9.41,1.08,35.31
-38.59,-2.86,4.56,3.92,-2.43,-1.65,-6.93,0.52,-36.16,-1.22,11.50,3.40,40.49
-38.45,-2.88,4.67,3.68,-2.52,-1.64,-6.92,0.53,-35.93,-1.23,11.59,3.15,40.23
-39.11,-2.46,9.74,2.26,-2.60,-1.64,-6.90,0.53,-36.51,-0.82,16.64,1.73,54.59
-38.12,-2.79,13.95,2.92,-2.66,-1.63,-6.87,0.53,-35.46,-1.16,20.83,2.38,69.03
-37.79,-2.21,15.92,1.31,-2.72,-1.63,-6.84,0.53,-35.07,-0.58,22.76,0.78,76.37
-37.29,-2.60,18.29,1.39,-2.78,-1.63,-6.80,0.54,-34.51,-0.98,25.09,0.85,86.74
-37.44,-2.67,19.25,1.95,-2.83,-1.63,-6.76,0.54,-34.61,-1.05,26.01,1.42,91.71
-36.11,-2.04,22.31,2.18,-2.87,-1.62,-6.71,0.54,-33.24,-0.42,29.02,1.64,106.41
-34.18,-3.38,22.55,5.62,-2.91,-1.61,-6.66,0.55,-31.26,-1.76,29.21,5.07,107.36
-33.33,-2.29,26.26,6.14,-2.94,-1.60,-6.61,0.56,-30.39,-0.69,32.87,5.57,129.41
-34.02,-2.70,38.49,3.53,-2.94,-1.60,-6.52,0.57,-31.08,-1.11,45.01,2.96,222.48
-36.20,-1.28,42.60,3.21,-2.95,-1.59,-6.44,0.57,-33.25,0.31,49.03,2.63,262.79
-32.93,-2.51,32.47,0.26,-2.96,-1.59,-6.37,0.57,-29.97,-0.93,38.84,-0.31,168.58
-31.17,-2.03,29.88,2.92,-2.97,-1.58,-6.30,0.58,-28.20,-0.45,36.18,2.34,147.14
-30.65,-2.00,42.41,1.60,-2.96,-1.58,-6.21,0.58,-27.69,-0.42,48.63,1.02,251.48
-30.66,-0.79,58.34,-0.06,-2.92,-1.58,-6.09,0.58,-27.74,0.79,64.43,-0.64,429.79
-28.92,-2.49,58.73,2.75,-2.87,-1.57,-5.97,0.58,-26.05,-0.92,64.70,2.16,431.93
-27.80,-1.28,51.59,-1.91,-2.83,-1.57,-5.86,0.58,-24.97,0.30,57.45,-2.49,342.52
-26.34,-1.21,60.35,-4.11,-2.77,-1.58,-5.73,0.57,-23.57,0.37,66.08,-4.68,449.21
-23.14,-2.70,66.67,-3.66,-2.69,-1.59,-5.59,0.56,-20.44,-1.11,72.26,-4.22,531.41
-23.02,-2.76,69.59,0.12,-2.61,-1.59,-5.45,0.56,-20.41,-1.17,75.03,-0.44,570.35
-19.94,-2.97,70.46,-1.53,-2.52,-1.59,-5.30,0.55,-17.43,-1.37,75.76,-2.08,579.37
-18.51,-3.26,58.56,-3.27,-2.44,-1.60,-5.17,0.55,-16.07,-1.65,63.74,-3.81,412.18
-16.84,-3.18,59.16,1.08,-2.37,-1.60,-5.05,0.55,-14.48,-1.57,64.21,0.54,415.79
-15.66,-2.05,63.31,2.92,-2.28,-1.60,-4.92,0.55,-13.38,-0.45,68.23,2.37,468.78
-11.80,-4.25,53.88,1.69,-2.20,-1.60,-4.80,0.55,-9.60,-2.65,58.68,1.14,345.77
-9.47,-4.03,40.56,3.76,-2.14,-1.60,-4.71,0.56,-7.33,-2.43,45.28,3.20,206.81
-9.68,-3.29,51.28,3.15,-2.06,-1.59,-4.60,0.56,-7.62,-1.69,55.88,2.58,313.57
-9.77,-2.93,57.36,-1.50,-1.97,-1.60,-4.48,0.56,-7.80,-1.34,61.84,-2.05,383.32
-7.34,-3.27,59.74,4.72,-1.87,-1.59,-4.35,0.56,-5.47,-1.68,64.09,4.15,412.34
-2.88,-3.15,51.18,3.63,-1.78,-1.59,-4.24,0.57,-1.10,-1.57,55.41,3.06,307.48
-4.27,-1.92,37.65,-6.58,-1.72,-1.60,-4.16,0.56,-2.55,-0.33,41.80,-7.14,179.64
-3.24,-2.44,40.78,-8.35,-1.65,-1.62,-4.07,0.54,-1.60,-0.82,44.85,-8.89,208.66
-1.59,-2.59,42.89,-7.48,-1.57,-1.63,-3.97,0.52,-0.03,-0.96,46.86,-8.00,225.53
0.81,-3.39,38.67,-4.61,-1.49,-1.64,-3.89,0.51,2.30,-1.75,42.56,-5.12,183.53
3.75,-3.34,26.31,-6.02,-1.43,-1.66,-3.82,0.50,5.18,-1.68,30.13,-6.51,95.40
2.48,-3.21,20.67,-3.66,-1.39,-1.67,-3.77,0.49,3.87,-1.54,24.44,-4.15,61.69
1.72,-2.46,16.67,-1.34,-1.36,-1.67,-3.73,0.48,3.08,-0.79,20.40,-1.83,42.07
3.20,-3.44,11.39,0.47,-1.33,-1.67,-3.70,0.48,4.54,-1.77,15.09,-0.01,23.19
3.71,-3.15,12.34,-0.02,-1.30,-1.68,-3.66,0.48,5.02,-1.47,16.00,-0.50,26.12
3.67,-3.59,18.37,-4.02,-1.26,-1.69,-3.62,0.47,4.94,-1.90,21.99,-4.49,50.80
2.92,-4.55,23.10,-5.54,-1.22,-1.70,-3.56,0.46,4.13,-2.84,26.66,-6.00,75.04
3.54,-4.40,25.97,-2.96,-1.16,-1.72,-3.50,0.45,4.70,-2.68,29.47,-3.41,88.43
5.91,-5.36,17.94,-3.68,-1.11,-1.73,-3.46,0.44,7.03,-3.63,21.40,-4.12,48.63
5.16,-5.35,8.76,1.08,-1.09,-1.74,-3.43,0.44,6.25,-3.62,12.20,0.64,15.92
3.90,-3.52,3.47,2.46,-1.08,-1.73,-3.42,0.44,4.98,-1.79,6.88,2.01,5.69
4.65,-3.96,7.92,2.29,-1.06,-1.73,-3.39,0.45,5.71,-2.22,11.32,1.84,13.86
4.96,-3.45,12.98,3.79,-1.03,-1.73,-3.36,0.45,5.99,-1.72,16.33,3.33,28.51
7.04,-3.59,2.40,0.05,-1.01,-1.73,-3.34,0.45,8.05,-1.86,5.74,-0.41,4.66
5.93,-3.35,-2.58,-0.03,-1.01,-1.73,-3.34,0.45,6.94,-1.62,0.76,-0.48,1.09
6.65,-4.12,-4.55,-0.50,-1.01,-1.74,-3.34,0.45,7.65,-2.38,-1.21,-0.95,1.52
6.76,-4.45,-9.21,-1.60,-1.01,-1.75,-3.35,0.44,7.77,-2.71,-5.86,-2.04,5.20
6.84,-4.80,-5.50,-0.58,-1.01,-1.75,-3.35,0.44,7.85,-3.05,-2.15,-1.02,1.98
6.57,-4.47,-3.16,0.23,-1.01,-1.76,-3.34,0.44,7.58,-2.71,0.18,-0.21,1.30
6.18,-5.09,-5.77,-1.21,-1.01,-1.77,-3.35,0.43,7.19,-3.32,-2.43,-1.64,2.11
5.06,-4.96,-6.95,-1.63,-1.02,-1.78,-3.35,0.43,6.08,-3.19,-3.60,-2.06,2.66
5.31,-5.43,-5.66,0.38,-1.03,-1.78,-3.35,0.43,6.34,-3.64,-2.31,-0.04,1.60
5.06,-4.50,-6.55,0.79,-1.03,-1.79,-3.36,0.42,6.09,-2.71,-3.19,0.37,1.92
5.43,-4.56,-5.86,-0.85,-1.04,-1.79,-3.36,0.42,6.47,-2.77,-2.50,-1.28,1.78
5.66,-4.16,-5.48,1.94,-1.04,-1.79,-3.36,0.42,6.70,-2.36,-2.12,1.52,1.69
4.57,-3.29,-10.69,5.42,-1.06,-1.78,-3.37,0.43,5.63,-1.50,-7.32,4.99,8.51
3.74,-2.74,-9.16,4.21,-1.07,-1.78,-3.38,0.44,4.81,-0.96,-5.78,3.77,5.24
5.25,-3.95,-7.15,2.38,-1.08,-1.78,-3.39,0.44,6.33,-2.18,-3.76,1.94,2.68
4.05,-3.92,-6.21,-0.15,-1.09,-1.78,-3.39,0.44,5.13,-2.14,-2.83,-0.59,1.45
5.27,-4.13,-1.97,-0.23,-1.08,-1.78,-3.38,0.44,6.35,-2.35,1.41,-0.67,1.16
4.89,-4.43,0.55,-3.11,-1.08,-1.80,-3.37,0.43,5.97,-2.64,3.92,-3.54,3.64
4.68,-4.40,-0.40,-5.24,-1.07,-1.81,-3.37,0.42,5.75,-2.59,2.97,-5.65,4.86
3.29,-4.69,-1.42,-1.71,-1.07,-1.82,-3.36,0.41,4.36,-2.87,1.94,-2.12,1.37
5.69,-4.97,-3.19,4.90,-1.07,-1.82,-3.36,0.42,6.76,-3.15,0.17,4.48,3.12
4.64,-5.03,-9.33,4.15,-1.09,-1.81,-3.37,0.43,5.72,-3.22,-5.96,3.73,5.80
5.49,-5.67,-5.73,5.16,-1.09,-1.81,-3.37,0.43,6.58,-3.86,-2.36,4.73,3.95
4.49,-4.72,2.40,-0.27,-1.08,-1.82,-3.35,0.43,5.57,-2.90,5.75,-0.71,4.14
4.38,-5.19,1.50,-4.81,-1.07,-1.83,-3.34,0.42,5.45,-3.36,4.84,-5.23,5.88
3.15,-4.53,-2.14,2.90,-1.07,-1.83,-3.34,0.42,4.23,-2.70,1.20,2.48,1.26
4.42,-3.67,-3.68,3.63,-1.08,-1.83,-3.34,0.43,5.50,-1.84,-0.34,3.21,1.71
5.43,-4.08,0.40,1.22,-1.07,-1.83,-3.33,0.43,6.50,-2.25,3.73,0.79,2.39
4.49,-4.72,8.90,-2.90,-1.05,-1.84,-3.30,0.42,5.53,-2.88,12.20,-3.32,16.74
0.97,-2.48,20.37,-10.96,-1.01,-1.86,-3.26,0.40,1.97,-0.62,23.62,-11.36,68.67
0.81,-1.22,28.35,-17.07,-0.95,-1.89,-3.20,0.37,1.76,0.68,31.55,-17.44,129.76
5.06,-5.92,24.61,-19.05,-0.90,-1.94,-3.14,0.33,5.95,-3.98,27.75,-19.38,115.39
5.25,-4.58,32.21,-16.37,-0.83,-1.98,-3.08,0.30,6.08,-2.60,35.29,-16.66,152.87
11.03,-6.25,18.02,-26.89,-0.77,-2.04,-3.03,0.25,11.80,-4.21,21.05,-27.13,120.78
9.11,-8.89,15.07,-26.75,-0.73,-2.11,-2.99,0.19,9.84,-6.78,18.06,-26.94,107.83
9.45,-7.65,19.95,-20.92,-0.67,-2.16,-2.95,0.15,10.12,-5.49,22.90,-21.07,99.26
12.98,-10.06,14.56,-23.39,-0.62,-2.22,-2.91,0.10,13.60,-7.83,17.47,-23.49,90.45
17.07,-11.63,7.57,-8.55,-0.57,-2.26,-2.88,0.08,17.64,-9.37,10.45,-8.63,26.29
12.24,-11.18,12.81,0.85,-0.53,-2.28,-2.85,0.08,12.77,-8.90,15.66,0.77,29.35
6.80,-8.25,21.31,0.02,-0.47,-2.29,-2.80,0.08,7.28,-5.96,24.11,-0.06,59.79
10.61,-7.14,16.63,-8.78,-0.42,-2.32,-2.76,0.06,11.03,-4.82,19.39,-8.84,48.19
15.94,-8.25,6.87,-4.34,-0.38,-2.34,-2.74,0.05,16.32,-5.91,9.61,-4.39,17.13